"GLAUX_TEXT_ID"	"TLG"	"STARTDATE"	"ENDDATE"	"AUTHOR_STANDARD"	"TITLE_STANDARD"	"GENRE_STANDARD"	"DIALECT"	"SOURCE"	"SOURCE_LICENSE"	"SOURCE_FORMAT"	"TOKENS"	"TM_TEXT"
655	"0215-001"	-300	-201	"Antagoras"	"Epigrammata"	"Lyric poetry"	NA	"http://remacle.org"	NA	"TXT"	65	"6997"
656	"0215-002"	-300	-201	"Antagoras"	"Epigrammata"	"Lyric poetry"	NA	"Perseus"	"CC BY-SA 4.0"	"XML"	69	"6997"
657	"0568-001"	-300	-201	"Antigonus"	"Historiarum mirabilium collectio"	"Paradoxography"	NA	"https://theses.hal.science/tel-01835129"	NA	"TXT"	7428	"11264"
658	"0568-002"	-300	-201	"Antigonus"	"Epigramma"	"Lyric poetry"	NA	"Perseus"	"CC BY-SA 4.0"	"XML"	47	"12602"
659	"0044-001"	-300	-201	"Antiochi Regis Epistulae"	"Epistulae"	"Epistolography"	NA	"https://el.wikisource.org"	"CC-BY-SA 3.0"	"TXT"	508	"12769"
661	"0001-001"	-300	-201	"Apollonius Rhodius"	"Argonautica"	"Epic poetry"	"Ionic/Epic"	"Perseus"	"CC BY-SA 4.0"	"XML"	45941	"46"
662	"0570-002"	-300	-201	"Archelaus"	"Epigramma"	"Lyric poetry"	"Doric"	"Perseus"	"CC BY-SA 4.0"	"XML"	37	"11621"
663	"0552-001"	-300	-201	"Archimedes"	"De sphaera et cylindro"	"Mathematics"	"Koine"	"First1K"	"CC BY-SA 4.0"	"XML"	28728	"54"
664	"0552-002"	-300	-201	"Archimedes"	"Dimensio circuli"	"Mathematics"	"Koine"	"First1K"	"CC BY-SA 4.0"	"XML"	1218	"11543"
665	"0552-003"	-300	-201	"Archimedes"	"De conoidibus et sphaeroidibus"	"Mathematics"	"Doric"	"First1K"	"CC BY-SA 4.0"	"XML"	25189	"12639"
666	"0552-004"	-300	-201	"Archimedes"	"De lineis spiralibus"	"Mathematics"	"Doric"	"First1K"	"CC BY-SA 4.0"	"XML"	15871	"5366"
667	"0552-005"	-300	-201	"Archimedes"	"De planorum aequilibriis"	"Mathematics"	"Doric"	"First1K"	"CC BY-SA 4.0"	"XML"	10058	"12640"
668	"0552-006"	-300	-201	"Archimedes"	"Arenarius"	"Mathematics"	"Doric"	"First1K"	"CC BY-SA 4.0"	"XML"	5513	"12641"
669	"0552-007"	-300	-201	"Archimedes"	"Quadratura parabolae"	"Mathematics"	"Doric"	"First1K"	"CC BY-SA 4.0"	"XML"	6521	"12642"
671	"0552-009"	-300	-201	"Archimedes"	"Stomachion"	"Mathematics"	"Koine"	"First1K"	"CC BY-SA 4.0"	"XML"	502	"12644"
672	"0552-010"	-300	-201	"Archimedes"	"Ad Eratosthenem methodus"	"Mathematics"	"Koine"	"First1K"	"CC BY-SA 4.0"	"XML"	10942	"5367"
673	"0552-011"	-300	-201	"Archimedes"	"Liber assumptorum"	"Mathematics"	"Doric"	"First1K"	"CC BY-SA 4.0"	"XML"	4201	"12645"
674	"0552-012"	-300	-201	"Archimedes"	"Problema bovinum"	"Scientific Poetry"	NA	"First1K"	"CC BY-SA 4.0"	"XML"	764	"12646"
675	"0552-013"	-300	-201	"Archimedes"	"Fragmenta"	"Mathematics"	"Koine"	"First1K"	"CC BY-SA 4.0"	"XML"	1336	"6571 / 19338 / 19339 / 19340"
676	"0131-001"	-300	-201	"Archimelus"	"Epigramma"	"Lyric poetry"	NA	"Perseus"	"CC BY-SA 4.0"	"XML"	48	"7074"
677	"1183-001"	-300	-201	"Aristeae Epistula"	"Aristeae epistula ad Philocratem"	"Epistolography"	NA	"https://el.wikisource.org"	"CC-BY-SA 3.0"	"TXT"	15131	"320"
680	"0137-001"	-300	-201	"Asclepiades"	"Epigrammata"	"Lyric poetry"	NA	"Perseus"	"CC BY-SA 4.0"	"XML"	1516	"11560"
681	"0174-001"	-300	-201	"Diotimus"	"Epigrammata"	"Lyric poetry"	NA	"Perseus"	"CC BY-SA 4.0"	"XML"	295	"10319"
682	"2622-001"	-300	-201	"Dorieus Poeta"	"Epigramma"	"Lyric poetry"	NA	"Perseus"	"CC BY-SA 4.0"	"TXT"	63	"16022"
683	"1799-001"	-300	-201	"Euclides"	"Elementa"	"Mathematics"	NA	"Perseus"	"CC BY-SA 4.0"	"XML"	176472	"477 / 15303"
685	"1799-008"	-300	-201	"Euclides"	"Data"	"Mathematics"	NA	"First1K"	"CC BY-SA 4.0"	"XML"	4741	"15305 / 12665"
687	"1799-010"	-300	-201	"Euclides"	"Opticorum recensio Theonis"	"Mathematics"	NA	"First1K"	"CC BY-SA 4.0"	"XML"	11629	"11737"
688	"1799-011"	-300	-201	"Euclides"	"Catoptrica"	"Mathematics"	NA	"First1K"	"CC BY-SA 4.0"	"XML"	6122	"12666"
689	"1799-012"	-300	-201	"Euclides"	"Phaenomena"	"Astronomy/Astrology"	NA	"First1K"	"CC BY-SA 4.0"	"XML"	9197	"12667 / 15306"
690	"1799-013"	-300	-201	"Euclides"	"Phaenomena"	"Astronomy/Astrology"	NA	"First1K"	"CC BY-SA 4.0"	"XML"	761	"15307 / 12667"
691	"1799-014"	-300	-201	"Euclides"	"Phaenomena"	"Astronomy/Astrology"	NA	"First1K"	"CC BY-SA 4.0"	"XML"	2730	"15308 / 12667"
692	"1799-015"	-300	-201	"Euclides"	"Sectio canonis"	"Music"	NA	"First1K"	"CC BY-SA 4.0"	"XML"	2854	"12037"
693	"1799-017"	-300	-201	"Euclides"	"Epigramma"	"Lyric poetry"	NA	"First1K"	"CC BY-SA 4.0"	"XML"	57	"12609"
694	"0221-004"	-300	-201	"Euphorion"	"Epigrammata"	"Lyric poetry"	NA	"Perseus"	"CC BY-SA 4.0"	"XML"	71	"12610"
695	"0198-001"	-300	-201	"Hedylus"	"Epigrammata"	"Lyric poetry"	NA	"Perseus"	"CC BY-SA 4.0"	"XML"	185	"10599"
696	"1391-001"	-300	-201	"Hegemon"	"Epigramma"	"Lyric poetry"	"Doric"	"Perseus"	"CC BY-SA 4.0"	"XML"	30	"10600"
697	"1405-001"	-300	-201	"Heraclides Criticus"	"Descriptio Graeciae"	"Geography"	NA	"First1K"	"CC BY-SA 4.0"	"XML"	3123	"7837"
707	"0051-001"	-300	-201	"Melissa"	"Fragmentum epistulae ad Clearetam"	"Philosophy"	"Doric"	"http://chaerephon.e-monsite.com"	NA	"TXT"	239	"12773"
708	"0218-002"	-300	-201	"Nicaenetus"	"Epigrammata"	"Lyric poetry"	NA	"Perseus"	"CC BY-SA 4.0"	"XML"	147	"10377"
709	"1533-001"	-300	-201	"Nicias"	"Epigrammata"	"Lyric poetry"	"Doric"	"Perseus"	"CC BY-SA 4.0"	"XML"	208	"12617"
711	"1577-001"	-300	-201	"Phaedimus"	"Epigrammata"	"Lyric poetry"	NA	"Perseus"	"CC BY-SA 4.0"	"XML"	176	"12619"
712	"1632-001"	-300	-201	"Posidippus"	"Epigrammata"	"Lyric poetry"	NA	"Perseus"	"CC BY-SA 4.0"	"XML"	896	"26"
715	"0633-001"	-300	-201	"Lysis"	"Epistula ad Hipparchum"	"Philosophy"	"Doric"	"http://www.fysis.cz"	NA	"TXT"	590	"15348"
717	"0059-039"	-300	-201	"Plato"	"Epigrammata"	"Lyric poetry"	NA	"Perseus"	"CC BY-SA 4.0"	"XML"	660	"12622"
718	"0219-002"	-300	-201	"Rhianus"	"Epigrammata"	"Lyric poetry"	NA	"Perseus"	"CC BY-SA 4.0"	"XML"	407	"12625"
720	"0527-001"	-300	-201	"Septuaginta"	"Genesis"	"Religious History"	"Koine"	"https://el.wikisource.org"	"CC-BY-SA 3.0"	"TXT"	37516	"539"
721	"0527-002"	-300	-201	"Septuaginta"	"Exodus"	"Religious History"	"Koine"	"https://el.wikisource.org"	"CC-BY-SA 3.0"	"TXT"	28129	"351"
722	"0527-003"	-300	-201	"Septuaginta"	"Leviticus"	"Religious History"	"Koine"	"https://el.wikisource.org"	"CC-BY-SA 3.0"	"TXT"	21787	"2864"
723	"0527-004"	-300	-201	"Septuaginta"	"Numeri"	"Religious History"	"Koine"	"https://el.wikisource.org"	"CC-BY-SA 3.0"	"TXT"	28488	"355"
724	"0527-005"	-300	-201	"Septuaginta"	"Deuteronomium"	"Religious History"	"Koine"	"https://el.wikisource.org"	"CC-BY-SA 3.0"	"TXT"	25946	"2865"
725	"1715-001"	-300	-201	"Theodoridas"	"Epigrammata"	"Lyric poetry"	"Doric"	"Perseus"	"CC BY-SA 4.0"	"XML"	601	"2440"
728	"1306-001"	-300	-101	"Bolus"	"Περὶ συμπαθειῶν καὶ ἀντιπαθειῶν"	"Medicine"	NA	"http://www.fysis.cz"	NA	"TXT"	879	"15978"
729	"1306-002"	-300	-101	"Bolus"	"Physica et mystica"	"Alchemy"	NA	"http://www.fysis.cz"	NA	"TXT"	3348	"15979"
730	"1306-003"	-300	-101	"Bolus"	"Ad Leucippem"	"Alchemy"	NA	"http://www.fysis.cz"	NA	"TXT"	808	"15980"
731	"0208-001"	-300	-101	"Dosiadas"	"Βωμός"	"Lyric poetry"	NA	"Perseus"	"CC BY-SA 4.0"	"XML"	84	"7586"
733	"0509-001"	-300	-101	"Myia"	"Epistula ad Phyllidem"	"Philosophy"	"Doric"	"http://chaerephon.e-monsite.com"	NA	"TXT"	341	"12840"
736	"0022-006"	-300	-101	"Nicander"	"Epigrammata"	"Lyric poetry"	"Doric"	"Perseus"	"CC BY-SA 4.0"	"XML"	83	"12616"
737	"1556-002"	-300	-101	"Pancrates"	"Epigrammata"	"Lyric poetry"	NA	"Perseus"	"CC BY-SA 4.0"	"XML"	92	"12618"
740	"0543-001"	-300	-101	"Polybius"	"Historiae"	"History"	"Attic/Koine"	"Perseus"	"CC BY-SA 4.0"	"XML"	346310	"307"
742	"0067-001"	-200	-101	"Agatharchides"	"De mari Erythraeo"	"Geography"	NA	"First1K"	"CC BY-SA 4.0"	"XML"	26890	"3"
743	"0569-001"	-200	-101	"Apollonius"	"Historiae mirabiles"	"Paradoxography"	NA	"https://sententiaeantiquae.com"	NA	"TXT"	2643	"5497"
744	"0036-001"	-200	-101	"Bion"	"Epitaphius Adonis"	"Lyric poetry"	"Doric"	"Perseus"	"CC BY-SA 4.0"	"XML"	887	"6573"
745	"0036-002"	-200	-101	"Bion"	"Epithalamium Achillis et Deidameiae"	"Lyric poetry"	"Doric"	"Perseus"	"CC BY-SA 4.0"	"XML"	276	"12655"
746	"0036-003"	-200	-101	"Bion"	"Fragmenta"	"Lyric poetry"	"Doric"	"Perseus"	"CC BY-SA 4.0"	"XML"	1038	"12656"
747	"0063-001"	-200	-101	"Dionysius Thrax"	"Ars grammatica"	"Language"	NA	"https://el.wikisource.org"	"CC-BY-SA 3.0"	"TXT"	3991	"720"
751	"1431-003"	-200	-101	"Hipparchus"	"In Arati et Eudoxi phaenomena commentariorum libri iii"	"Philosophy"	NA	"First1K"	"CC BY-SA 4.0"	"XML"	31722	"12685"
757	"1493-001"	-200	-101	"Melinno"	"Εἰς Ῥώμην"	"Lyric poetry"	"Doric"	"http://chaerephon.e-monsite.com"	NA	"TXT"	98	"12900"
758	"0035-001"	-200	-101	"Moschus"	"Eros drapeta"	"Lyric poetry"	"Doric"	"Perseus"	"CC BY-SA 4.0"	"XML"	306	"6444"
759	"0035-002"	-200	-101	"Moschus"	"Europa"	"Lyric poetry"	"Ionic/Epic"	"Perseus"	"CC BY-SA 4.0"	"XML"	1329	"11866"
760	"0035-003"	-200	-101	"Moschus"	"Epitaphius Bionis"	"Lyric poetry"	"Doric"	"Perseus"	"CC BY-SA 4.0"	"XML"	1072	"6443"
761	"0035-004"	-200	-101	"Moschus"	"Megara"	"Lyric poetry"	"Ionic/Epic"	"Perseus"	"CC BY-SA 4.0"	"XML"	1029	"886"
762	"0035-005"	-200	-101	"Moschus"	"Fragmenta"	"Lyric poetry"	"Doric"	"Perseus"	"CC BY-SA 4.0"	"XML"	314	"12732"
763	"0035-006"	-200	-101	"Moschus"	"Epigrammata"	"Lyric poetry"	"Doric"	"Perseus"	"CC BY-SA 4.0"	"XML"	351	"483"
767	"0209-001"	-200	-101	"Seleucus"	"Ἱλαρὰ ᾄσματα"	"Lyric poetry"	NA	"Perseus"	"CC BY-SA 4.0"	"TXT"	20	"10825"
769	"0527-006"	-200	-101	"Septuaginta"	"Josue"	"Religious History"	"Koine"	"https://el.wikisource.org"	"CC-BY-SA 3.0"	"TXT"	16657	"540"
770	"0527-009"	-200	-101	"Septuaginta"	"Judices"	"Religious History"	"Koine"	"https://el.wikisource.org"	"CC-BY-SA 3.0"	"TXT"	17560	"2863"
771	"0527-010"	-200	-101	"Septuaginta"	"Ruth"	"Religious Narrative"	"Koine"	"https://el.wikisource.org"	"CC-BY-SA 3.0"	"TXT"	2427	"2866"
772	"0527-011"	-200	-101	"Septuaginta"	"Regnorum i"	"Religious History"	"Koine"	"https://el.wikisource.org"	"CC-BY-SA 3.0"	"TXT"	23968	"2860"
773	"0527-012"	-200	-101	"Septuaginta"	"Regnorum ii"	"Religious History"	"Koine"	"https://el.wikisource.org"	"CC-BY-SA 3.0"	"TXT"	20238	"2867"
774	"0527-013"	-200	-101	"Septuaginta"	"Regnorum iii"	"Religious History"	"Koine"	"https://el.wikisource.org"	"CC-BY-SA 3.0"	"TXT"	24387	"541"
775	"0527-014"	-200	-101	"Septuaginta"	"Regnorum iv"	"Religious History"	"Koine"	"https://el.wikisource.org"	"CC-BY-SA 3.0"	"TXT"	21036	"542"
776	"0527-015"	-200	-101	"Septuaginta"	"Paralipomenon i sive Chronicon i"	"Religious History"	"Koine"	"https://el.wikisource.org"	"CC-BY-SA 3.0"	"TXT"	18857	"543"
777	"0527-016"	-200	-101	"Septuaginta"	"Paralipomenon ii sive Chronicon ii"	"Religious History"	"Koine"	"https://el.wikisource.org"	"CC-BY-SA 3.0"	"TXT"	23611	"544"
778	"0527-019"	-200	-101	"Septuaginta"	"Esther"	"Religious Narrative"	"Koine"	"https://el.wikisource.org"	"CC-BY-SA 3.0"	"TXT"	6572	"394"
779	"0527-020"	-200	-101	"Septuaginta"	"Judith"	"Religious Narrative"	"Koine"	"https://el.wikisource.org"	"CC-BY-SA 3.0"	"TXT"	10173	"401"
780	"0527-021"	-200	-101	"Septuaginta"	"Tobias"	"Religious Narrative"	"Koine"	"https://el.wikisource.org"	"CC-BY-SA 3.0"	"TXT"	6371	"2871"
781	"0527-022"	-200	-101	"Septuaginta"	"Tobias"	"Religious Narrative"	"Koine"	"https://el.wikisource.org"	"CC-BY-SA 3.0"	"TXT"	8157	"2871"
782	"0527-023"	-200	-101	"Septuaginta"	"Machabaeorum i"	"Religious History"	"Koine"	"https://el.wikisource.org"	"CC-BY-SA 3.0"	"TXT"	20371	"402"
783	"0527-024"	-200	-101	"Septuaginta"	"Machabaeorum ii"	"Religious History"	"Koine"	"https://el.wikisource.org"	"CC-BY-SA 3.0"	"TXT"	13327	"514"
784	"0527-027"	-200	-101	"Septuaginta"	"Psalmi"	"Religious Poetry"	"Koine"	"https://el.wikisource.org"	"CC-BY-SA 3.0"	"TXT"	41362	"545"
785	"0527-028"	-200	-101	"Septuaginta"	"Odae"	"Religious Poetry"	"Koine"	"https://el.wikisource.org"	"CC-BY-SA 3.0"	"TXT"	4965	"3037"
786	"0527-029"	-200	-101	"Septuaginta"	"Proverbia"	"Religious Wisdom"	"Koine"	"https://el.wikisource.org"	"CC-BY-SA 3.0"	"TXT"	13273	"2872"
787	"0527-030"	-200	-101	"Septuaginta"	"Ecclesiastes"	"Religious Poetry"	"Koine"	"https://el.wikisource.org"	"CC-BY-SA 3.0"	"TXT"	5219	"2873"
788	"0527-031"	-200	-101	"Septuaginta"	"Canticum"	"Religious Poetry"	"Koine"	"https://el.wikisource.org"	"CC-BY-SA 3.0"	"TXT"	2436	"2874"
789	"0527-032"	-200	-101	"Septuaginta"	"Job"	"Religious Poetry"	"Koine"	"https://el.wikisource.org"	"CC-BY-SA 3.0"	"TXT"	16013	"2824"
790	"0527-034"	-200	-101	"Septuaginta"	"Ecclesiasticus sive Siracides"	"Religious Wisdom"	"Koine"	"https://el.wikisource.org"	"CC-BY-SA 3.0"	"TXT"	22085	"2862"
791	"0527-035"	-200	-101	"Septuaginta"	"Psalmi Salomonis"	"Religious Poetry"	"Koine"	"https://el.wikisource.org"	"CC-BY-SA 3.0"	"TXT"	5628	"546"
792	"0527-036"	-200	-101	"Septuaginta"	"Osee"	"Religious Prophecy"	"Koine"	"https://el.wikisource.org"	"CC-BY-SA 3.0"	"TXT"	4570	"547"
793	"0527-037"	-200	-101	"Septuaginta"	"Amos"	"Religious Prophecy"	"Koine"	"https://el.wikisource.org"	"CC-BY-SA 3.0"	"TXT"	3707	"2879"
794	"0527-038"	-200	-101	"Septuaginta"	"Michaeas"	"Religious Prophecy"	"Koine"	"https://el.wikisource.org"	"CC-BY-SA 3.0"	"TXT"	2693	"2882"
795	"0527-039"	-200	-101	"Septuaginta"	"Joel"	"Religious Prophecy"	"Koine"	"https://el.wikisource.org"	"CC-BY-SA 3.0"	"TXT"	1818	"2878"
796	"0527-040"	-200	-101	"Septuaginta"	"Abdias"	"Religious Prophecy"	"Koine"	"https://el.wikisource.org"	"CC-BY-SA 3.0"	"TXT"	535	"2880"
797	"0527-041"	-200	-101	"Septuaginta"	"Jonas"	"Religious Narrative"	"Koine"	"https://el.wikisource.org"	"CC-BY-SA 3.0"	"TXT"	1245	"2881"
798	"0527-042"	-200	-101	"Septuaginta"	"Nahum"	"Religious Prophecy"	"Koine"	"https://el.wikisource.org"	"CC-BY-SA 3.0"	"TXT"	1083	"548"
799	"0527-043"	-200	-101	"Septuaginta"	"Habacuc"	"Religious Prophecy"	"Koine"	"https://el.wikisource.org"	"CC-BY-SA 3.0"	"TXT"	1286	"2883"
800	"0527-044"	-200	-101	"Septuaginta"	"Sophonias"	"Religious Prophecy"	"Koine"	"https://el.wikisource.org"	"CC-BY-SA 3.0"	"TXT"	1408	"2884"
801	"0527-045"	-200	-101	"Septuaginta"	"Aggaeus"	"Religious Prophecy"	"Koine"	"https://el.wikisource.org"	"CC-BY-SA 3.0"	"TXT"	1078	"2885"
802	"0527-046"	-200	-101	"Septuaginta"	"Zacharias"	"Religious Prophecy"	"Koine"	"https://el.wikisource.org"	"CC-BY-SA 3.0"	"TXT"	5641	"2861"
803	"0527-047"	-200	-101	"Septuaginta"	"Malachias"	"Religious Prophecy"	"Koine"	"https://el.wikisource.org"	"CC-BY-SA 3.0"	"TXT"	1632	"2886"
804	"0527-048"	-200	-101	"Septuaginta"	"Isaias"	"Religious Prophecy"	"Koine"	"https://el.wikisource.org"	"CC-BY-SA 3.0"	"TXT"	31653	"354"
805	"0527-049"	-200	-101	"Septuaginta"	"Jeremias"	"Religious Prophecy"	"Koine"	"https://el.wikisource.org"	"CC-BY-SA 3.0"	"TXT"	33200	"353"
806	"0527-050"	-200	-101	"Septuaginta"	"Baruch"	"Religious Poetry"	"Koine"	"https://el.wikisource.org"	"CC-BY-SA 3.0"	"TXT"	2980	"2876"
807	"0527-051"	-200	-101	"Septuaginta"	"Threni seu Lamentationes"	"Religious Poetry"	"Koine"	"https://el.wikisource.org"	"CC-BY-SA 3.0"	"TXT"	2925	"2875"
808	"0527-052"	-200	-101	"Septuaginta"	"Epistula Jeremiae"	"Religious Epistle"	"Koine"	"https://el.wikisource.org"	"CC-BY-SA 3.0"	"TXT"	1494	"3038"
809	"0527-053"	-200	-101	"Septuaginta"	"Ezechiel"	"Religious Prophecy"	"Koine"	"https://el.wikisource.org"	"CC-BY-SA 3.0"	"TXT"	33509	"352"
810	"0527-054"	-200	-101	"Septuaginta"	"Susanna"	"Religious Narrative"	"Koine"	"https://el.wikisource.org"	"CC-BY-SA 3.0"	"TXT"	898	"3366"
811	"0527-055"	-200	-101	"Septuaginta"	"Susanna"	"Religious Narrative"	"Koine"	"https://el.wikisource.org"	"CC-BY-SA 3.0"	"TXT"	1294	"3364"
812	"0527-056"	-200	-101	"Septuaginta"	"Daniel"	"Religious Narrative"	"Koine"	"https://el.wikisource.org"	"CC-BY-SA 3.0"	"TXT"	12086	"2877"
813	"0527-057"	-200	-101	"Septuaginta"	"Daniel"	"Religious Narrative"	"Koine"	"https://el.wikisource.org"	"CC-BY-SA 3.0"	"TXT"	11910	"3267"
814	"0527-058"	-200	-101	"Septuaginta"	"Bel et Draco"	"Religious Narrative"	"Koine"	"https://el.wikisource.org"	"CC-BY-SA 3.0"	"TXT"	1009	"11405"
815	"0527-059"	-200	-101	"Septuaginta"	"Bel et Draco"	"Religious Narrative"	"Koine"	"https://el.wikisource.org"	"CC-BY-SA 3.0"	"TXT"	1023	"11406"
816	"0127-001"	-200	-1	"Aulus Licinius Archias"	"Epigramma"	"Lyric poetry"	NA	"https://el.wikisource.org"	"CC-BY-SA 3.0"	"TXT"	31	NA
817	"1220-001"	-200	-1	"Batrachomyomachia"	"Batrachomyomachia"	"Epic poetry"	"Ionic/Epic"	"First1K"	"CC BY-SA 4.0"	"XML"	2205	"2303"
819	"1464-001"	-200	-1	"Liber Jubilaeorum"	"Fragmenta"	"Religious History"	"Koine"	"https://el.wikisource.org"	"CC-BY-SA 3.0"	"TXT"	3170	"11525"
821	"0556-001"	-100	-1	"Asclepiodotus"	"Tactica"	"Military"	NA	"Perseus"	"CC BY-SA 4.0"	"XML"	7414	"5989"
823	"1803-001a"	-100	-1	"Bruti Epistulae"	"Epistulae"	"Epistolography"	NA	"https://www.academia.edu/24558475/The_Greek_letters_ascribed_to_Brutus_HSCP_108_2015_"	NA	"TXT"	2097	NA
825	"0357-001"	-100	-1	"Didymus Scriptor De Mensuris"	"Mensurae marmorum ac lignorum"	"Mathematics"	NA	"First1K"	"CC BY-SA 4.0"	"XML"	1557	"12833"
826	"0165-001"	-100	-1	"Diodorus"	"Epigrammata"	"Lyric poetry"	NA	"Perseus"	"CC BY-SA 4.0"	"XML"	239	"7547"
827	"0060-001"	-100	-1	"Diodorus Siculus"	"Bibliotheca historica"	"History"	"Attic/Koine"	"Perseus"	"CC BY-SA 4.0"	"XML"	419079	"130"
830	"0081-001"	-100	-1	"Dionysius Halicarnassensis"	"Antiquitates Romanae"	"History"	"Attic/Koine"	"Perseus"	"CC BY-SA 4.0"	"XML"	317135	"1385"
831	"0081-002"	-100	-1	"Dionysius Halicarnassensis"	"De antiquis oratoribus"	"Rhetoric"	"Attic/Koine"	"Perseus"	"CC BY-SA 4.0"	"XML"	972	"12660"
832	"0081-003"	-100	-1	"Dionysius Halicarnassensis"	"De Lysia"	"Rhetoric"	"Attic/Koine"	"Perseus"	"CC BY-SA 4.0"	"XML"	8803	"5607"
833	"0081-004"	-100	-1	"Dionysius Halicarnassensis"	"De Isocrate"	"Rhetoric"	"Attic/Koine"	"Perseus"	"CC BY-SA 4.0"	"XML"	7181	"5606"
834	"0081-005"	-100	-1	"Dionysius Halicarnassensis"	"De Isaeo"	"Rhetoric"	"Attic/Koine"	"Perseus"	"CC BY-SA 4.0"	"XML"	6134	"12661"
835	"0081-006"	-100	-1	"Dionysius Halicarnassensis"	"De Demosthenis dictione"	"Rhetoric"	"Attic/Koine"	"Perseus"	"CC BY-SA 4.0"	"XML"	25235	"5605"
836	"0081-008"	-100	-1	"Dionysius Halicarnassensis"	"Ad Ammaeum"	"Rhetoric"	"Attic/Koine"	"Perseus"	"CC BY-SA 4.0"	"XML"	3883	"12662"
837	"0081-009"	-100	-1	"Dionysius Halicarnassensis"	"De Dinarcho"	"Rhetoric"	"Attic/Koine"	"Perseus"	"CC BY-SA 4.0"	"XML"	5140	"11177"
838	"0081-010"	-100	-1	"Dionysius Halicarnassensis"	"De Thucydide"	"Rhetoric"	"Attic/Koine"	"Perseus"	"CC BY-SA 4.0"	"XML"	19289	"5610"
839	"0081-011"	-100	-1	"Dionysius Halicarnassensis"	"De Thucydidis idiomatibus"	"Rhetoric"	"Attic/Koine"	"Perseus"	"CC BY-SA 4.0"	"XML"	3007	"12663"
840	"0081-012"	-100	-1	"Dionysius Halicarnassensis"	"De compositione verborum"	"Rhetoric"	"Attic/Koine"	"Perseus"	"CC BY-SA 4.0"	"XML"	23402	"5603"
843	"0081-015"	-100	-1	"Dionysius Halicarnassensis"	"Epistula ad Pompeium Geminum"	"Rhetoric"	"Attic/Koine"	"Perseus"	"CC BY-SA 4.0"	"XML"	4911	"5608"
845	"1383-001"	-100	-1	"Geminus"	"Elementa astronomiae"	"Astronomy/Astrology"	NA	"http://www.astrologicon.org"	NA	"TXT"	22551	"12875"
849	"1804-001"	-100	-1	"Ninus"	"Ninus"	"Narrative"	NA	"http://amsdottorato.unibo.it/8789/1/Subrani_%20Elena_Tesi.pdf"	NA	"TXT"	1339	"4182"
850	"1804-004"	-100	-1	"Ninus"	"Ninus"	"Narrative"	NA	"http://amsdottorato.unibo.it/8789/1/Subrani_%20Elena_Tesi.pdf"	NA	"TXT"	169	NA
852	"0655-001"	-100	-1	"Parthenius"	"Narrationes amatoriae"	"Mythography"	NA	"Perseus"	"CC BY-SA 4.0"	"XML"	7337	"5707"
855	"0068-001"	-100	-1	"Pseudo-Scymnus"	"Ad Nicomedem regem, vv. 1-980"	"Scientific Poetry"	NA	"http://www.libridergi.org"	"CC BY-NC-SA 4.0"	"TXT"	6400	"467"
856	"0068-002"	-100	-1	"Pseudo-Scymnus"	"Ad Nicomedem regem, vv. 722-1026"	"Scientific Poetry"	NA	"http://www.libridergi.org"	"CC BY-NC-SA 4.0"	"TXT"	1930	"467"
857	"0527-017"	-100	-1	"Septuaginta"	"Esdras i"	"Religious History"	"Koine"	"https://el.wikisource.org"	"CC-BY-SA 3.0"	"TXT"	10055	"2868"
858	"0527-025"	-100	-1	"Septuaginta"	"Machabaeorum iii"	"Religious Narrative"	"Koine"	"https://el.wikisource.org"	"CC-BY-SA 3.0"	"TXT"	5702	"3050"
859	"0527-033"	-100	-1	"Septuaginta"	"Sapientia Salomonis"	"Religious Wisdom"	"Koine"	"https://el.wikisource.org"	"CC-BY-SA 3.0"	"TXT"	7937	"3033"
863	"1763-001"	-100	-1	"Tryphon II"	"De tropis"	"Language"	NA	"https://s-space.snu.ac.kr/bitstream/10371/131745/1/000000133742.pdf"	"CC BY-NC-ND 2.0"	"TXT"	2702	"9054"
865	"0146-001"	-100	100	"Boethus"	"Epigramma"	"Lyric poetry"	NA	"Perseus"	"CC BY-SA 4.0"	"XML"	47	"11582"
866	"1337-003"	-100	100	"Dorotheus"	"Fragmenta alia antiqua"	"Astronomy/Astrology"	"Ionic/Epic"	"First1K"	"CC BY-SA 4.0"	"XML"	825	"7584"
874	"0018-001"	-100	100	"Philo Judaeus"	"De opificio mundi"	"Theology"	"Koine"	"https://el.wikisource.org"	"CC-BY-SA 3.0"	"TXT"	15045	"11244"
876	"0018-003"	-100	100	"Philo Judaeus"	"De cherubim"	"Theology"	"Koine"	"https://el.wikisource.org"	"CC-BY-SA 3.0"	"TXT"	8718	"15402"
877	"0018-004"	-100	100	"Philo Judaeus"	"De sacrificiis Abelis et Caini"	"Theology"	"Koine"	"https://el.wikisource.org"	"CC-BY-SA 3.0"	"TXT"	10917	"2588"
878	"0018-005"	-100	100	"Philo Judaeus"	"Quod deterius potiori insidiari soleat"	"Theology"	"Koine"	"https://el.wikisource.org"	"CC-BY-SA 3.0"	"TXT"	12959	"3497"
879	"0018-006"	-100	100	"Philo Judaeus"	"De posteritate Caini"	"Theology"	"Koine"	"https://el.wikisource.org"	"CC-BY-SA 3.0"	"TXT"	12633	"4500"
880	"0018-007"	-100	100	"Philo Judaeus"	"De gigantibus"	"Theology"	"Koine"	"https://el.wikisource.org"	"CC-BY-SA 3.0"	"TXT"	3725	"15403"
881	"0018-008"	-100	100	"Philo Judaeus"	"Quod deus sit immutabilis"	"Theology"	"Koine"	"https://el.wikisource.org"	"CC-BY-SA 3.0"	"TXT"	10252	"902"
882	"0018-009"	-100	100	"Philo Judaeus"	"De agricultura"	"Theology"	"Koine"	"https://el.wikisource.org"	"CC-BY-SA 3.0"	"TXT"	10259	"15404"
884	"0018-011"	-100	100	"Philo Judaeus"	"De ebrietate"	"Theology"	"Koine"	"https://el.wikisource.org"	"CC-BY-SA 3.0"	"TXT"	13234	"901"
885	"0018-012"	-100	100	"Philo Judaeus"	"De sobrietate"	"Theology"	"Koine"	"https://el.wikisource.org"	"CC-BY-SA 3.0"	"TXT"	4137	"15406"
886	"0018-013"	-100	100	"Philo Judaeus"	"De confusione linguarum"	"Theology"	"Koine"	"https://el.wikisource.org"	"CC-BY-SA 3.0"	"TXT"	11914	"15407"
888	"0018-015"	-100	100	"Philo Judaeus"	"Quis rerum divinarum heres sit"	"Theology"	"Koine"	"https://el.wikisource.org"	"CC-BY-SA 3.0"	"TXT"	18439	"1447"
889	"0018-016"	-100	100	"Philo Judaeus"	"De congressu eruditionis gratia"	"Theology"	"Koine"	"https://el.wikisource.org"	"CC-BY-SA 3.0"	"TXT"	10380	"11864"
890	"0018-017"	-100	100	"Philo Judaeus"	"De fuga et inventione"	"Theology"	"Koine"	"https://el.wikisource.org"	"CC-BY-SA 3.0"	"TXT"	12884	"15408"
891	"0018-018"	-100	100	"Philo Judaeus"	"De mutatione nominum"	"Theology"	"Koine"	"https://el.wikisource.org"	"CC-BY-SA 3.0"	"TXT"	15358	"15409"
892	"0018-019"	-100	100	"Philo Judaeus"	"De somniis"	"Theology"	"Koine"	"https://el.wikisource.org"	"CC-BY-SA 3.0"	"TXT"	29716	"15410"
893	"0018-020"	-100	100	"Philo Judaeus"	"De Abrahamo"	"Theology"	"Koine"	"https://el.wikisource.org"	"CC-BY-SA 3.0"	"TXT"	15099	"15411"
894	"0018-021"	-100	100	"Philo Judaeus"	"De Josepho"	"Theology"	"Koine"	"https://el.wikisource.org"	"CC-BY-SA 3.0"	"TXT"	14708	"15412"
895	"0018-022"	-100	100	"Philo Judaeus"	"De vita Mosis"	"Biography"	"Koine"	"https://el.wikisource.org"	"CC-BY-SA 3.0"	"TXT"	35631	"11191"
896	"0018-023"	-100	100	"Philo Judaeus"	"De decalogo"	"Theology"	"Koine"	"https://el.wikisource.org"	"CC-BY-SA 3.0"	"TXT"	9646	"15413"
898	"0018-025"	-100	100	"Philo Judaeus"	"De virtutibus"	"Philosophy"	"Koine"	"https://el.wikisource.org"	"CC-BY-SA 3.0"	"TXT"	13831	"1064"
899	"0018-026"	-100	100	"Philo Judaeus"	"De praemiis et poenis et De exsecrationibus"	"Philosophy"	"Koine"	"https://el.wikisource.org"	"CC-BY-SA 3.0"	"TXT"	10323	"15414"
900	"0018-027"	-100	100	"Philo Judaeus"	"Quod omnis probus liber sit"	"Philosophy"	"Koine"	"https://el.wikisource.org"	"CC-BY-SA 3.0"	"TXT"	8887	"14534"
901	"0018-028"	-100	100	"Philo Judaeus"	"De vita contemplativa"	"Philosophy"	"Koine"	"https://el.wikisource.org"	"CC-BY-SA 3.0"	"TXT"	5249	"12029"
903	"0018-030"	-100	100	"Philo Judaeus"	"In Flaccum"	"Philosophy"	"Koine"	"https://el.wikisource.org"	"CC-BY-SA 3.0"	"TXT"	10202	"5708"
904	"0018-031"	-100	100	"Philo Judaeus"	"Legatio ad Gaium"	"Philosophy"	"Koine"	"https://el.wikisource.org"	"CC-BY-SA 3.0"	"TXT"	20091	"5709"
905	"0099-001"	-100	100	"Strabo"	"Geographica"	"Geography"	"Attic/Koine"	"Perseus"	"CC BY-SA 4.0"	"XML"	320951	"371"
906	"0676-001"	1	100	"Aglaïs"	"Adversus suffusiones incipientes"	"Scientific Poetry"	NA	"http://chaerephon.e-monsite.com"	NA	"TXT"	207	"15238"
907	"4150-001a"	1	100	"Anacreontea"	"Anacreontea"	"Lyric poetry"	NA	"https://www.hs-augsburg.de/~harsch/augustana.html"	NA	"TXT"	2540	NA
908	"1836-001"	1	100	"Anonymi Aulodia"	"Anonymi aulodia"	"Lyric poetry"	NA	"https://sententiaeantiquae.com"	NA	"TXT"	273	"16021"
912	"1126-003"	1	100	"Anubion"	"Fragmenta"	"Astronomy/Astrology"	NA	"First1K"	"CC BY-SA 4.0"	"XML"	84	"15245"
913	"1153-001"	1	100	"Apocalypsis Adam"	"Νυχθήμερον"	"Religious Prophecy"	"Koine"	"https://archive.org/details/apocrypha-anecdota-1893"	NA	"TXT"	505	"3471"
917	"0039-001"	1	100	"Bruti-Mithridatis Epistulae"	"Epistula"	"Epistolography"	NA	"https://www.academia.edu/24558475/The_Greek_letters_ascribed_to_Brutus_HSCP_108_2015_"	NA	"TXT"	377	"12765"
920	"1271-001"	1	100	"Clemens Romanus et Clementina"	"Epistula i ad Corinthios"	"Epistolography"	"Koine"	"First1K"	"CC BY-SA 4.0"	"XML"	11393	"1319"
922	"2632-001"	1	100	"Comarius"	"De lapide philosophorum"	"Alchemy"	NA	"First1K"	"CC BY-SA 4.0"	"XML"	2674	"15295"
924	"0656-001"	1	100	"Dioscorides Pedanius"	"De materia medica"	"Medicine"	NA	"https://uses.plantnet-project.org"	"CC BY-SA 2.0"	"TXT"	109743	"1379"
928	"2139-001"	1	100	"Epitaphium Sicili"	"Sicili epitaphium"	"Lyric poetry"	NA	"First1K"	"CC BY-SA 4.0"	"XML"	75	"12759"
930	"0526-001"	1	100	"Flavius Josephus"	"Antiquitates Judaicae"	"History"	NA	"Perseus"	"CC BY-SA 4.0"	"XML"	336649	"155"
931	"0526-002"	1	100	"Flavius Josephus"	"Josephi vita"	"Biography"	NA	"Perseus"	"CC BY-SA 4.0"	"XML"	17634	"6070"
932	"0526-003"	1	100	"Flavius Josephus"	"Contra Apionem"	"Philosophy"	NA	"Perseus"	"CC BY-SA 4.0"	"XML"	22843	"157"
933	"0526-004"	1	100	"Flavius Josephus"	"De bello Judaico libri vii"	"History"	NA	"Perseus"	"CC BY-SA 4.0"	"XML"	139462	"156"
935	"0559-001"	1	100	"Heron"	"Pneumatica"	"Engineering"	NA	"First1K"	"CC BY-SA 4.0"	"XML"	24994	"5869"
936	"0559-002"	1	100	"Heron"	"De automatis"	"Engineering"	NA	"First1K"	"CC BY-SA 4.0"	"XML"	10270	"12671"
937	"0559-004"	1	100	"Heron"	"Mechanicorum fragmenta"	"Engineering"	NA	"First1K"	"CC BY-SA 4.0"	"XML"	4881	"12673"
938	"0559-005"	1	100	"Heron"	"Catoptrica"	"Engineering"	NA	"First1K"	"CC BY-SA 4.0"	"XML"	567	"12674"
939	"0559-006"	1	100	"Heron"	"Metrica"	"Mathematics"	NA	"First1K"	"CC BY-SA 4.0"	"XML"	22665	"12675"
940	"0559-007"	1	100	"Heron"	"Dioptra"	"Engineering"	NA	"First1K"	"CC BY-SA 4.0"	"XML"	14755	"12676"
943	"0559-010"	1	100	"Heron"	"Stereometrica"	"Mathematics"	NA	"First1K"	"CC BY-SA 4.0"	"XML"	21221	"12679"
944	"0559-011"	1	100	"Heron"	"De mensuris"	"Mathematics"	NA	"First1K"	"CC BY-SA 4.0"	"XML"	6143	"12680"
945	"0559-012"	1	100	"Heron"	"Belopoeica"	"Engineering"	NA	"First1K"	"CC BY-SA 4.0"	"XML"	6026	"12681"
947	"0559-014"	1	100	"Heron"	"Fragmenta Heroniana"	"Mathematics"	NA	"First1K"	"CC BY-SA 4.0"	"XML"	3566	"3017"
950	"0560-001"	1	100	"Longinus"	"De sublimitate"	"Rhetoric"	NA	"Perseus"	"CC BY-SA 4.0"	"XML"	14855	"6477"
953	"0031-001"	1	100	"Novum Testamentum"	"Evangelium secundum Matthaeum"	"Religious History"	"Koine"	"https://github.com/morphgnt/sblgnt"	"CC-BY-SA 3.0"	"TXT"	21015	"3059"
954	"0031-002"	1	100	"Novum Testamentum"	"Evangelium secundum Marcum"	"Religious History"	"Koine"	"https://github.com/morphgnt/sblgnt"	"CC-BY-SA 3.0"	"TXT"	12998	"3060"
955	"0031-003"	1	100	"Novum Testamentum"	"Evangelium secundum Lucam"	"Religious History"	"Koine"	"https://github.com/morphgnt/sblgnt"	"CC-BY-SA 3.0"	"TXT"	22410	"3061"
956	"0031-004"	1	100	"Novum Testamentum"	"Evangelium secundum Joannem"	"Religious History"	"Koine"	"https://github.com/morphgnt/sblgnt"	"CC-BY-SA 3.0"	"TXT"	18143	"3062"
957	"0031-005"	1	100	"Novum Testamentum"	"Acta apostolorum"	"Religious History"	"Koine"	"https://github.com/morphgnt/sblgnt"	"CC-BY-SA 3.0"	"TXT"	20679	"3063"
958	"0031-006"	1	100	"Novum Testamentum"	"Epistula Pauli ad Romanos"	"Religious Epistle"	"Koine"	"https://github.com/morphgnt/sblgnt"	"CC-BY-SA 3.0"	"TXT"	8191	"3064"
959	"0031-007"	1	100	"Novum Testamentum"	"Epistula Pauli ad Corinthios i"	"Religious Epistle"	"Koine"	"https://github.com/morphgnt/sblgnt"	"CC-BY-SA 3.0"	"TXT"	8079	"3065"
960	"0031-008"	1	100	"Novum Testamentum"	"Epistula Pauli ad Corinthios ii"	"Religious Epistle"	"Koine"	"https://github.com/morphgnt/sblgnt"	"CC-BY-SA 3.0"	"TXT"	5165	"3066"
961	"0031-009"	1	100	"Novum Testamentum"	"Epistula Pauli ad Galatas"	"Religious Epistle"	"Koine"	"https://github.com/morphgnt/sblgnt"	"CC-BY-SA 3.0"	"TXT"	2613	"3067"
962	"0031-010"	1	100	"Novum Testamentum"	"Epistula Pauli ad Ephesios"	"Religious Epistle"	"Koine"	"https://github.com/morphgnt/sblgnt"	"CC-BY-SA 3.0"	"TXT"	2703	"3068"
963	"0031-011"	1	100	"Novum Testamentum"	"Epistula Pauli ad Philippenses"	"Religious Epistle"	"Koine"	"https://github.com/morphgnt/sblgnt"	"CC-BY-SA 3.0"	"TXT"	1873	"3069"
964	"0031-012"	1	100	"Novum Testamentum"	"Epistula Pauli ad Colossenses"	"Religious Epistle"	"Koine"	"https://github.com/morphgnt/sblgnt"	"CC-BY-SA 3.0"	"TXT"	1803	"3070"
965	"0031-013"	1	100	"Novum Testamentum"	"Epistula Pauli ad Thessalonicenses i"	"Religious Epistle"	"Koine"	"https://github.com/morphgnt/sblgnt"	"CC-BY-SA 3.0"	"TXT"	1677	"3071"
966	"0031-014"	1	100	"Novum Testamentum"	"Epistula Pauli ad Thessalonicenses ii"	"Religious Epistle"	"Koine"	"https://github.com/morphgnt/sblgnt"	"CC-BY-SA 3.0"	"TXT"	926	"3072"
967	"0031-015"	1	100	"Novum Testamentum"	"Epistula Pauli ad Timotheum i"	"Religious Epistle"	"Koine"	"https://github.com/morphgnt/sblgnt"	"CC-BY-SA 3.0"	"TXT"	1897	"3073"
968	"0031-016"	1	100	"Novum Testamentum"	"Epistula Pauli ad Timotheum ii"	"Religious Epistle"	"Koine"	"https://github.com/morphgnt/sblgnt"	"CC-BY-SA 3.0"	"TXT"	1469	"3074"
969	"0031-017"	1	100	"Novum Testamentum"	"Epistula Pauli ad Titum"	"Religious Epistle"	"Koine"	"https://github.com/morphgnt/sblgnt"	"CC-BY-SA 3.0"	"TXT"	778	"3075"
970	"0031-018"	1	100	"Novum Testamentum"	"Epistula Pauli ad Philemonem"	"Religious Epistle"	"Koine"	"https://github.com/morphgnt/sblgnt"	"CC-BY-SA 3.0"	"TXT"	387	"3076"
971	"0031-019"	1	100	"Novum Testamentum"	"Epistula Pauli ad Hebraeos"	"Religious Epistle"	"Koine"	"https://github.com/morphgnt/sblgnt"	"CC-BY-SA 3.0"	"TXT"	5680	"3085"
972	"0031-020"	1	100	"Novum Testamentum"	"Epistula Jacobi"	"Religious Epistle"	"Koine"	"https://github.com/morphgnt/sblgnt"	"CC-BY-SA 3.0"	"TXT"	2045	"3077"
973	"0031-021"	1	100	"Novum Testamentum"	"Epistula Petri i"	"Religious Epistle"	"Koine"	"https://github.com/morphgnt/sblgnt"	"CC-BY-SA 3.0"	"TXT"	1930	"3078"
974	"0031-022"	1	100	"Novum Testamentum"	"Epistula Petri ii"	"Religious Epistle"	"Koine"	"https://github.com/morphgnt/sblgnt"	"CC-BY-SA 3.0"	"TXT"	1243	"3079"
975	"0031-023"	1	100	"Novum Testamentum"	"Epistula Joannis i"	"Religious Epistle"	"Koine"	"https://github.com/morphgnt/sblgnt"	"CC-BY-SA 3.0"	"TXT"	2444	"3080"
976	"0031-024"	1	100	"Novum Testamentum"	"Epistula Joannis ii"	"Religious Epistle"	"Koine"	"https://github.com/morphgnt/sblgnt"	"CC-BY-SA 3.0"	"TXT"	281	"3081"
977	"0031-025"	1	100	"Novum Testamentum"	"Epistula Joannis iii"	"Religious Epistle"	"Koine"	"https://github.com/morphgnt/sblgnt"	"CC-BY-SA 3.0"	"TXT"	255	"3082"
978	"0031-026"	1	100	"Novum Testamentum"	"Epistula Juda"	"Religious Epistle"	"Koine"	"https://github.com/morphgnt/sblgnt"	"CC-BY-SA 3.0"	"TXT"	528	"3083"
979	"0031-027"	1	100	"Novum Testamentum"	"Apocalypsis Joannis"	"Religious Prophecy"	"Koine"	"https://github.com/morphgnt/sblgnt"	"CC-BY-SA 3.0"	"TXT"	11113	"3084"
980	"0648-001"	1	100	"Onasander"	"Strategicus"	"Military"	NA	"Perseus"	"CC BY-SA 4.0"	"XML"	13156	"8534"
983	"1247-001"	1	100	"Pseudo-Cebes"	"Cebetis tabula"	"Philosophy"	NA	"https://www.hs-augsburg.de/~harsch/augustana.html"	NA	"TXT"	5628	"6462"
985	"1068-001"	1	100	"Res Gestae Divi Augusti"	"Res gestae"	"History"	NA	"Loeb (public domain)"	NA	"TXT"	3066	"4432"
986	"0527-026"	1	100	"Septuaginta"	"Machabaeorum iv"	"Religious Wisdom"	"Koine"	"https://el.wikisource.org"	"CC-BY-SA 3.0"	"TXT"	9077	"3051"
988	"1701-001"	1	100	"Testamentum Abrahae"	"Testamentum Abrahae"	"Religious Narrative"	"Koine"	"https://el.wikisource.org"	"CC-BY-SA 3.0"	"TXT"	7953	"11378"
989	"1701-002"	1	100	"Testamentum Abrahae"	"Testamentum Abrahae"	"Religious Narrative"	"Koine"	"https://el.wikisource.org"	"CC-BY-SA 3.0"	"TXT"	3766	"11378"
990	"1703-001"	1	100	"Teucer"	"De duodecim signis"	"Astronomy/Astrology"	NA	"https://el.wikisource.org"	"CC-BY-SA 3.0"	"TXT"	6331	"16005"
996	"1747-001"	1	100	"Vitae Adam Et Evae"	"Vita Adam et Evae"	"Religious Narrative"	"Koine"	"https://el.wikisource.org"	"CC-BY-SA 3.0"	"TXT"	5129	"3271"
998	"1765-003"	1	100	"Vitae Aesopi"	"Vita Pl vel Accursiana"	"Narrative"	NA	"First1K"	"CC BY-SA 4.0"	"XML"	14136	"15471"
999	"1765-004"	1	100	"Vitae Aesopi"	"Vita"	"Narrative"	NA	"First1K"	"CC BY-SA 4.0"	"XML"	305	"15472"
1000	"1765-005"	1	100	"Vitae Aesopi"	"Βιβλίον μυθικὸν τοῦ Αἰσώπου, εἰκονίζον ἀπὸ τῶν ἀλόγων ζῴων πρὸς τὰς τῆς ἀνθρωπίνης φύσεως πράξεις"	"Narrative"	NA	"First1K"	"CC BY-SA 4.0"	"XML"	170	"15473"
1001	"1765-006"	1	100	"Vitae Aesopi"	"Vita G (e cod. 397 Bibliothecae Pierponti Morgan)"	"Narrative"	NA	"http://www.physics.ntua.gr/~mourmouras"	NA	"TXT"	20734	"4514"
1004	"0708-001"	1	200	"Ammonius"	"De adfinium vocabulorum differentia"	"Language"	NA	"First1K"	"CC BY-SA 4.0"	"XML"	20021	"6940"
1008	"1148-004"	1	200	"Antonius Diogenes"	"De incredibilibus"	"Narrative"	NA	"https://dl-dev.uc.pt/handle/10316.2/47487"	NA	"TXT"	201	"613"
1011	"1157-001"	1	200	"Apocalypsis Esdrae"	"Apocalypsis Esdrae"	"Religious Prophecy"	"Koine"	"https://el.wikisource.org"	"CC-BY-SA 3.0"	"TXT"	3092	"3389"
1013	"1168-001"	1	200	"Apollonius"	"Lexicon Homericum"	"Language"	NA	"http://www.physics.ntua.gr/~mourmouras"	NA	"TXT"	57611	"616"
1015	"0551-002"	1	200	"Appianus"	"Basilica"	"History"	NA	"Perseus"	"CC BY-SA 4.0"	"XML"	944	NA
1016	"0551-003"	1	200	"Appianus"	"Italica"	"History"	NA	"Perseus"	"CC BY-SA 4.0"	"XML"	1273	NA
1017	"0551-004"	1	200	"Appianus"	"Samnitica"	"History"	NA	"Perseus"	"CC BY-SA 4.0"	"XML"	3991	NA
1018	"0551-005"	1	200	"Appianus"	"Celtica"	"History"	NA	"Perseus"	"CC BY-SA 4.0"	"XML"	2404	NA
1019	"0551-006"	1	200	"Appianus"	"Sicelica"	"History"	NA	"Perseus"	"CC BY-SA 4.0"	"XML"	1075	NA
1020	"0551-007"	1	200	"Appianus"	"Iberica"	"History"	NA	"Perseus"	"CC BY-SA 4.0"	"XML"	18392	NA
1021	"0551-008"	1	200	"Appianus"	"Annibaica"	"History"	NA	"Perseus"	"CC BY-SA 4.0"	"XML"	11105	NA
1022	"0551-009"	1	200	"Appianus"	"Libyca"	"History"	NA	"Perseus"	"CC BY-SA 4.0"	"XML"	28924	NA
1023	"0551-010"	1	200	"Appianus"	"Numidica"	"History"	NA	"Perseus"	"CC BY-SA 4.0"	"XML"	421	NA
1024	"0551-011"	1	200	"Appianus"	"Macedonica"	"History"	NA	"Perseus"	"CC BY-SA 4.0"	"XML"	4168	NA
1025	"0551-012"	1	200	"Appianus"	"Illyrica"	"History"	NA	"Perseus"	"CC BY-SA 4.0"	"XML"	5528	NA
1026	"0551-013"	1	200	"Appianus"	"Syriaca"	"History"	NA	"Perseus"	"CC BY-SA 4.0"	"XML"	15743	NA
1027	"0551-014"	1	200	"Appianus"	"Mithridatica"	"History"	NA	"Perseus"	"CC BY-SA 4.0"	"XML"	27557	NA
1029	"0551-017"	1	200	"Appianus"	"Bellum civile"	"History"	NA	"Perseus"	"CC BY-SA 4.0"	"XML"	132704	"53"
1030	"0074-001"	1	200	"Flavius Arrianus"	"Alexandri anabasis"	"History"	NA	"Perseus"	"CC BY-SA 4.0"	"XML"	86998	"65"
1031	"0074-002"	1	200	"Flavius Arrianus"	"Historia Indica"	"History"	"Ionic"	"Perseus"	"CC BY-SA 4.0"	"XML"	15657	"66"
1032	"0074-003"	1	200	"Flavius Arrianus"	"Cynegeticus"	"History"	NA	"Perseus"	"CC BY-SA 4.0"	"XML"	6965	"5547"
1033	"0074-004"	1	200	"Flavius Arrianus"	"Periplus ponti Euxini"	"Geography"	NA	"Perseus"	"CC BY-SA 4.0"	"XML"	4975	"5550"
1034	"0074-005"	1	200	"Flavius Arrianus"	"Tactica"	"Military"	NA	"Perseus"	"CC BY-SA 4.0"	"XML"	10181	"5551"
1035	"0074-006"	1	200	"Flavius Arrianus"	"Acies contra Alanos"	"History"	NA	"Perseus"	"CC BY-SA 4.0"	"XML"	1423	"11826"
1036	"0074-008"	1	200	"Flavius Arrianus"	"Epistula ad Lucium Gellium"	"Epistolography"	NA	"https://www.hs-augsburg.de/~harsch/augustana.html"	NA	"TXT"	224	"6411"
1037	"1216-001"	1	200	"Barnabae Epistula"	"Barnabae epistula"	"Epistolography"	NA	"Perseus"	"CC BY-SA 4.0"	"XML"	7978	"2209"
1039	"0612-001"	1	200	"Dio Chrysostomus"	"Orationes"	"Oratory"	"Attic/Koine"	"https://penelope.uchicago.edu"	NA	"TXT"	205573	"719"
1040	"0612-002"	1	200	"Dio Chrysostomus"	"Encomium comae"	"Oratory"	"Attic/Koine"	"https://penelope.uchicago.edu"	NA	"TXT"	459	"14036"
1041	"0557-001"	1	200	"Epictetus"	"Dissertationes ab Arriano digestae"	"Philosophy"	NA	"Perseus"	"CC BY-SA 4.0"	"XML"	92433	"6419"
1042	"0557-002"	1	200	"Epictetus"	"Enchiridion"	"Philosophy"	NA	"Perseus"	"CC BY-SA 4.0"	"XML"	6057	"6420"
1043	"0557-003"	1	200	"Epictetus"	"Dissertationum Epictetearum sive ab Arriano sive ab aliis digestarum fragmenta"	"Philosophy"	NA	"Perseus"	"CC BY-SA 4.0"	"XML"	4771	"6567"
1044	"0557-004"	1	200	"Epictetus"	"Gnomologium Epicteteum"	"Philosophy"	NA	"https://el.wikisource.org"	"CC-BY-SA 3.0"	"TXT"	331	"15298"
1045	"0557-005"	1	200	"Epictetus"	"Gnomologium Epicteteum"	"Philosophy"	NA	"https://el.wikisource.org"	"CC-BY-SA 3.0"	"TXT"	2157	"15299"
1047	"1389-001"	1	200	"Harpocration"	"Lexicon in decem oratores Atticos"	"Language"	NA	"Perseus"	"CC BY-SA 4.0"	"XML"	43594	"780"
1049	"1413-001"	1	200	"Heraclitus"	"De incredibilibus"	"Paradoxography"	NA	"https://el.wikisource.org"	"CC-BY-SA 3.0"	"TXT"	2050	"15850"
1053	"0071-001"	1	200	"Periplus Maris Erythraei"	"Anonymi (Arriani, ut fertur) periplus maris Erythraei"	"Geography"	NA	"https://el.wikisource.org"	"CC-BY-SA 3.0"	"TXT"	7035	"21"
1054	"0007-001"	1	200	"Plutarchus"	"Theseus"	"Biography"	"Attic/Koine"	"Perseus"	"CC BY-SA 4.0"	"XML"	8411	"5785"
1055	"0007-002"	1	200	"Plutarchus"	"Romulus"	"Biography"	"Attic/Koine"	"Perseus"	"CC BY-SA 4.0"	"XML"	10541	"5781"
1056	"0007-003"	1	200	"Plutarchus"	"Comparatio Thesei et Romuli"	"Biography"	"Attic/Koine"	"Perseus"	"CC BY-SA 4.0"	"XML"	1301	"6496"
1057	"0007-004"	1	200	"Plutarchus"	"Lycurgus"	"Biography"	"Attic/Koine"	"Perseus"	"CC BY-SA 4.0"	"XML"	10792	"980"
1058	"0007-005"	1	200	"Plutarchus"	"Numa"	"Biography"	"Attic/Koine"	"Perseus"	"CC BY-SA 4.0"	"XML"	8467	"5777"
1059	"0007-006"	1	200	"Plutarchus"	"Comparatio Lycurgi et Numae"	"Biography"	"Attic/Koine"	"Perseus"	"CC BY-SA 4.0"	"XML"	1797	"6497"
1060	"0007-007"	1	200	"Plutarchus"	"Solon"	"Biography"	"Attic/Koine"	"Perseus"	"CC BY-SA 4.0"	"XML"	9775	"576"
1061	"0007-008"	1	200	"Plutarchus"	"Publicola"	"Biography"	"Attic/Koine"	"Perseus"	"CC BY-SA 4.0"	"XML"	6593	"6487"
1062	"0007-009"	1	200	"Plutarchus"	"Comparatio Solonis et Publicolae"	"Biography"	"Attic/Koine"	"Perseus"	"CC BY-SA 4.0"	"XML"	1066	"6498"
1063	"0007-010"	1	200	"Plutarchus"	"Themistocles"	"Biography"	"Attic/Koine"	"Perseus"	"CC BY-SA 4.0"	"XML"	9017	"5784"
1064	"0007-011"	1	200	"Plutarchus"	"Camillus"	"Biography"	"Attic/Koine"	"Perseus"	"CC BY-SA 4.0"	"XML"	12243	"5765"
1065	"0007-012"	1	200	"Plutarchus"	"Pericles"	"Biography"	"Attic/Koine"	"Perseus"	"CC BY-SA 4.0"	"XML"	11266	"575"
1066	"0007-013"	1	200	"Plutarchus"	"Fabius Maximus"	"Biography"	"Attic/Koine"	"Perseus"	"CC BY-SA 4.0"	"XML"	8686	"6488"
1067	"0007-014"	1	200	"Plutarchus"	"Comparatio Periclis et Fabii Maximi"	"Biography"	"Attic/Koine"	"Perseus"	"CC BY-SA 4.0"	"XML"	789	"6501"
1068	"0007-015"	1	200	"Plutarchus"	"Alcibiades"	"Biography"	"Attic/Koine"	"Perseus"	"CC BY-SA 4.0"	"XML"	11456	"5763"
1069	"0007-016"	1	200	"Plutarchus"	"Marcius Coriolanus"	"Biography"	"Attic/Koine"	"Perseus"	"CC BY-SA 4.0"	"XML"	10608	"6489"
1070	"0007-017"	1	200	"Plutarchus"	"Comparatio Alcibiadis et Marcii Coriolani"	"Biography"	"Attic/Koine"	"Perseus"	"CC BY-SA 4.0"	"XML"	1199	"6503"
1071	"0007-018"	1	200	"Plutarchus"	"Timoleon"	"Biography"	"Attic/Koine"	"Perseus"	"CC BY-SA 4.0"	"XML"	10102	"5787"
1072	"0007-019"	1	200	"Plutarchus"	"Aemilius Paullus"	"Biography"	"Attic/Koine"	"Perseus"	"CC BY-SA 4.0"	"XML"	11039	"5762"
1073	"0007-020"	1	200	"Plutarchus"	"Comparatio Aemilii Paulli et Timoleontis"	"Biography"	"Attic/Koine"	"Perseus"	"CC BY-SA 4.0"	"XML"	539	"6508"
1074	"0007-021"	1	200	"Plutarchus"	"Pelopidas"	"Biography"	"Attic/Koine"	"Perseus"	"CC BY-SA 4.0"	"XML"	10643	"978"
1075	"0007-022"	1	200	"Plutarchus"	"Marcellus"	"Biography"	"Attic/Koine"	"Perseus"	"CC BY-SA 4.0"	"XML"	9469	"5775"
1076	"0007-023"	1	200	"Plutarchus"	"Comparatio Pelopidae et Marcelli"	"Biography"	"Attic/Koine"	"Perseus"	"CC BY-SA 4.0"	"XML"	906	"6506"
1077	"0007-024"	1	200	"Plutarchus"	"Aristides"	"Biography"	"Attic/Koine"	"Perseus"	"CC BY-SA 4.0"	"XML"	9205	"5764"
1078	"0007-025"	1	200	"Plutarchus"	"Cato Maior"	"Biography"	"Attic/Koine"	"Perseus"	"CC BY-SA 4.0"	"XML"	9096	"6016"
1079	"0007-026"	1	200	"Plutarchus"	"Comparatio Aristidis et Catonis"	"Biography"	"Attic/Koine"	"Perseus"	"CC BY-SA 4.0"	"XML"	1645	"6499"
1080	"0007-027"	1	200	"Plutarchus"	"Philopoemen"	"Biography"	"Attic/Koine"	"Perseus"	"CC BY-SA 4.0"	"XML"	6357	"5779"
1081	"0007-028"	1	200	"Plutarchus"	"Titus Flamininus"	"Biography"	"Attic/Koine"	"Perseus"	"CC BY-SA 4.0"	"XML"	6560	"5771"
1082	"0007-029"	1	200	"Plutarchus"	"Comparatio Philopoemenis et Titi Flaminini"	"Biography"	"Attic/Koine"	"Perseus"	"CC BY-SA 4.0"	"XML"	616	"6513"
1083	"0007-030"	1	200	"Plutarchus"	"Pyrrhus"	"Biography"	"Attic/Koine"	"Perseus"	"CC BY-SA 4.0"	"XML"	12334	"305"
1084	"0007-031"	1	200	"Plutarchus"	"Marius"	"Biography"	"Attic/Koine"	"Perseus"	"CC BY-SA 4.0"	"XML"	14341	"5774"
1085	"0007-032"	1	200	"Plutarchus"	"Lysander"	"Biography"	"Attic/Koine"	"Perseus"	"CC BY-SA 4.0"	"XML"	9216	"5773"
1086	"0007-033"	1	200	"Plutarchus"	"Sulla"	"Biography"	"Attic/Koine"	"Perseus"	"CC BY-SA 4.0"	"XML"	12910	"5783"
1087	"0007-034"	1	200	"Plutarchus"	"Comparatio Lysandri et Sullae"	"Biography"	"Attic/Koine"	"Perseus"	"CC BY-SA 4.0"	"XML"	1404	"6504"
1088	"0007-035"	1	200	"Plutarchus"	"Cimon"	"Biography"	"Attic/Koine"	"Perseus"	"CC BY-SA 4.0"	"XML"	6594	"5768"
1089	"0007-036"	1	200	"Plutarchus"	"Lucullus"	"Biography"	"Attic/Koine"	"Perseus"	"CC BY-SA 4.0"	"XML"	15073	"443"
1090	"0007-037"	1	200	"Plutarchus"	"Comparatio Cimonis et Luculli"	"Biography"	"Attic/Koine"	"Perseus"	"CC BY-SA 4.0"	"XML"	1103	"6500"
1091	"0007-038"	1	200	"Plutarchus"	"Nicias"	"Biography"	"Attic/Koine"	"Perseus"	"CC BY-SA 4.0"	"XML"	10146	"5776"
1092	"0007-039"	1	200	"Plutarchus"	"Crassus"	"Biography"	"Attic/Koine"	"Perseus"	"CC BY-SA 4.0"	"XML"	11527	"5770"
1093	"0007-040"	1	200	"Plutarchus"	"Comparatio Niciae et Crassi"	"Biography"	"Attic/Koine"	"Perseus"	"CC BY-SA 4.0"	"XML"	1377	"6502"
1094	"0007-041"	1	200	"Plutarchus"	"Eumenes"	"Biography"	"Attic/Koine"	"Perseus"	"CC BY-SA 4.0"	"XML"	6198	"303"
1095	"0007-042"	1	200	"Plutarchus"	"Sertorius"	"Biography"	"Attic/Koine"	"Perseus"	"CC BY-SA 4.0"	"XML"	7449	"5782"
1096	"0007-043"	1	200	"Plutarchus"	"Comparatio Eumenis et Sertorii"	"Biography"	"Attic/Koine"	"Perseus"	"CC BY-SA 4.0"	"XML"	442	"6510"
1097	"0007-044"	1	200	"Plutarchus"	"Agesilaus"	"Biography"	"Attic/Koine"	"Perseus"	"CC BY-SA 4.0"	"XML"	12210	"273"
1098	"0007-045"	1	200	"Plutarchus"	"Pompeius"	"Biography"	"Attic/Koine"	"Perseus"	"CC BY-SA 4.0"	"XML"	22779	"304"
1099	"0007-046"	1	200	"Plutarchus"	"Comparatio Agesilai et Pompeii"	"Biography"	"Attic/Koine"	"Perseus"	"CC BY-SA 4.0"	"XML"	1219	"6505"
1100	"0007-047"	1	200	"Plutarchus"	"Alexander"	"Biography"	"Attic/Koine"	"Perseus"	"CC BY-SA 4.0"	"XML"	22724	"294"
1101	"0007-048"	1	200	"Plutarchus"	"Caesar"	"Biography"	"Attic/Koine"	"Perseus"	"CC BY-SA 4.0"	"XML"	17974	"298"
1102	"0007-049"	1	200	"Plutarchus"	"Phocion"	"Biography"	"Attic/Koine"	"Perseus"	"CC BY-SA 4.0"	"XML"	9551	"5780"
1103	"0007-050"	1	200	"Plutarchus"	"Cato Minor"	"Biography"	"Attic/Koine"	"Perseus"	"CC BY-SA 4.0"	"XML"	18934	"299"
1104	"0007-051a"	1	200	"Plutarchus"	"Agis et Cleomenes"	"Biography"	"Attic/Koine"	"Perseus"	"CC BY-SA 4.0"	"XML"	5068	NA
1105	"0007-051b"	1	200	"Plutarchus"	"Agis et Cleomenes"	"Biography"	"Attic/Koine"	"Perseus"	"CC BY-SA 4.0"	"XML"	10079	NA
1106	"0007-052a"	1	200	"Plutarchus"	"Tiberius et Gaius Gracchus"	"Biography"	"Attic/Koine"	"Perseus"	"CC BY-SA 4.0"	"XML"	5629	NA
1107	"0007-052b"	1	200	"Plutarchus"	"Tiberius et Gaius Gracchus"	"Biography"	"Attic/Koine"	"Perseus"	"CC BY-SA 4.0"	"XML"	4660	NA
1108	"0007-053"	1	200	"Plutarchus"	"Comparatio Agidis et Cleomenis cum Tiberio et Gaio Graccho"	"Biography"	"Attic/Koine"	"Perseus"	"CC BY-SA 4.0"	"XML"	1096	"6512"
1109	"0007-054"	1	200	"Plutarchus"	"Demosthenes"	"Biography"	"Attic/Koine"	"Perseus"	"CC BY-SA 4.0"	"XML"	7787	"302"
1110	"0007-055"	1	200	"Plutarchus"	"Cicero"	"Biography"	"Attic/Koine"	"Perseus"	"CC BY-SA 4.0"	"XML"	13544	"5767"
1111	"0007-056"	1	200	"Plutarchus"	"Comparatio Demosthenis et Ciceronis"	"Biography"	"Attic/Koine"	"Perseus"	"CC BY-SA 4.0"	"XML"	1097	"6509"
1112	"0007-057"	1	200	"Plutarchus"	"Demetrius"	"Biography"	"Attic/Koine"	"Perseus"	"CC BY-SA 4.0"	"XML"	14066	"301"
1113	"0007-058"	1	200	"Plutarchus"	"Antonius"	"Biography"	"Attic/Koine"	"Perseus"	"CC BY-SA 4.0"	"XML"	21061	"295"
1114	"0007-059"	1	200	"Plutarchus"	"Comparatio Demetrii et Antonii"	"Biography"	"Attic/Koine"	"Perseus"	"CC BY-SA 4.0"	"XML"	1000	"6511"
1115	"0007-060"	1	200	"Plutarchus"	"Dion"	"Biography"	"Attic/Koine"	"Perseus"	"CC BY-SA 4.0"	"XML"	13180	"6495"
1116	"0007-061"	1	200	"Plutarchus"	"Brutus"	"Biography"	"Attic/Koine"	"Perseus"	"CC BY-SA 4.0"	"XML"	13617	"297"
1117	"0007-062"	1	200	"Plutarchus"	"Comparatio Dionis et Bruti"	"Biography"	"Attic/Koine"	"Perseus"	"CC BY-SA 4.0"	"XML"	1056	"6507"
1118	"0007-063"	1	200	"Plutarchus"	"Aratus"	"Biography"	"Attic/Koine"	"Perseus"	"CC BY-SA 4.0"	"XML"	13163	"296"
1119	"0007-064"	1	200	"Plutarchus"	"Artaxerxes"	"Biography"	"Attic/Koine"	"Perseus"	"CC BY-SA 4.0"	"XML"	8365	"274"
1120	"0007-065"	1	200	"Plutarchus"	"Galba"	"Biography"	"Attic/Koine"	"Perseus"	"CC BY-SA 4.0"	"XML"	6951	"5772"
1121	"0007-066"	1	200	"Plutarchus"	"Otho"	"Biography"	"Attic/Koine"	"Perseus"	"CC BY-SA 4.0"	"XML"	4702	"6514"
1122	"0007-067"	1	200	"Plutarchus"	"De liberis educandis"	"Philosophy"	"Attic/Koine"	"https://el.wikisource.org"	"CC-BY-SA 3.0"	"TXT"	7124	"6515"
1123	"0007-068"	1	200	"Plutarchus"	"Quomodo adolescens poetas audire debeat"	"Philosophy"	"Attic/Koine"	"https://el.wikisource.org"	"CC-BY-SA 3.0"	"TXT"	11557	"5760"
1124	"0007-069"	1	200	"Plutarchus"	"De recta ratione audiendi"	"Philosophy"	"Attic/Koine"	"https://el.wikisource.org"	"CC-BY-SA 3.0"	"TXT"	5765	"6516"
1125	"0007-070"	1	200	"Plutarchus"	"Quomodo adulator ab amico internoscatur"	"Philosophy"	"Attic/Koine"	"https://el.wikisource.org"	"CC-BY-SA 3.0"	"TXT"	13547	"292"
1126	"0007-071"	1	200	"Plutarchus"	"Quomodo quis suos in virtute sentiat profectus"	"Philosophy"	"Attic/Koine"	"https://el.wikisource.org"	"CC-BY-SA 3.0"	"TXT"	5680	"5751"
1127	"0007-072"	1	200	"Plutarchus"	"De capienda ex inimicis utilitate"	"Philosophy"	"Attic/Koine"	"Perseus"	"CC BY-SA 4.0"	"XML"	3442	"6517"
1128	"0007-073"	1	200	"Plutarchus"	"De amicorum multitudine"	"Philosophy"	"Attic/Koine"	"Perseus"	"CC BY-SA 4.0"	"XML"	2079	"6518"
1129	"0007-074"	1	200	"Plutarchus"	"De fortuna"	"Philosophy"	"Attic/Koine"	"Perseus"	"CC BY-SA 4.0"	"XML"	1462	"6519"
1130	"0007-075"	1	200	"Plutarchus"	"De virtute et vitio"	"Philosophy"	"Attic/Koine"	"Perseus"	"CC BY-SA 4.0"	"XML"	762	"6520"
1131	"0007-076"	1	200	"Plutarchus"	"Consolatio ad Apollonium"	"Philosophy"	"Attic/Koine"	"https://el.wikisource.org"	"CC-BY-SA 3.0"	"TXT"	10782	"5882"
1132	"0007-077"	1	200	"Plutarchus"	"De tuenda sanitate praecepta"	"Medicine"	"Attic/Koine"	"https://el.wikisource.org"	"CC-BY-SA 3.0"	"TXT"	7781	"6521"
1133	"0007-078"	1	200	"Plutarchus"	"Conjugalia praecepta"	"Philosophy"	"Attic/Koine"	"https://el.wikisource.org"	"CC-BY-SA 3.0"	"TXT"	4228	"6522"
1134	"0007-079"	1	200	"Plutarchus"	"Septem sapientium convivium"	"Philosophic Dialogue"	"Attic/Koine"	"https://el.wikisource.org"	"CC-BY-SA 3.0"	"TXT"	10614	"569"
1135	"0007-080"	1	200	"Plutarchus"	"De superstitione"	"Philosophy"	"Attic/Koine"	"https://el.wikisource.org"	"CC-BY-SA 3.0"	"TXT"	3835	"5755"
1136	"0007-081"	1	200	"Plutarchus"	"Regum et imperatorum apophthegmata"	"Philosophy"	"Attic/Koine"	"Perseus"	"CC BY-SA 4.0"	"XML"	18977	"293"
1137	"0007-082"	1	200	"Plutarchus"	"Apophthegmata Laconica"	"Philosophy"	"Attic/Koine"	"Perseus"	"CC BY-SA 4.0"	"XML"	16577	"570 / 6523 / 6524"
1138	"0007-082a"	1	200	"Plutarchus"	"Apophthegmata Laconica"	"Philosophy"	"Attic/Koine"	"Perseus"	"CC BY-SA 4.0"	"XML"	1843	NA
1139	"0007-082b"	1	200	"Plutarchus"	"Apophthegmata Laconica"	"Philosophy"	"Attic/Koine"	"Perseus"	"CC BY-SA 4.0"	"XML"	1375	NA
1140	"0007-083"	1	200	"Plutarchus"	"Mulierum virtutes"	"History"	"Attic/Koine"	"Perseus"	"CC BY-SA 4.0"	"XML"	10704	"5749"
1141	"0007-084a"	1	200	"Plutarchus"	"Aetia Romana et Graeca"	"Polyhistory"	"Attic/Koine"	"https://el.wikisource.org"	"CC-BY-SA 3.0"	"TXT"	15310	NA
1142	"0007-084b"	1	200	"Plutarchus"	"Aetia Romana et Graeca"	"Polyhistory"	"Attic/Koine"	"https://el.wikisource.org"	"CC-BY-SA 3.0"	"TXT"	6804	NA
1143	"0007-085"	1	200	"Plutarchus"	"Parallela minora"	"History"	"Attic/Koine"	"Perseus"	"CC BY-SA 4.0"	"TXT"	5370	"571"
1144	"0007-086"	1	200	"Plutarchus"	"De fortuna Romanorum"	"Rhetoric"	"Attic/Koine"	"https://el.wikisource.org"	"CC-BY-SA 3.0"	"TXT"	5193	"5743"
1145	"0007-087"	1	200	"Plutarchus"	"De Alexandri magni fortuna aut virtute"	"Rhetoric"	"Attic/Koine"	"https://el.wikisource.org"	"CC-BY-SA 3.0"	"TXT"	9654	"5396"
1146	"0007-088"	1	200	"Plutarchus"	"De gloria Atheniensium"	"Rhetoric"	"Attic/Koine"	"Perseus"	"CC BY-SA 4.0"	"TXT"	3049	"5747"
1147	"0007-089"	1	200	"Plutarchus"	"De Iside et Osiride"	"Philosophy"	"Attic/Koine"	"https://el.wikisource.org"	"CC-BY-SA 3.0"	"TXT"	17846	"289"
1148	"0007-090"	1	200	"Plutarchus"	"De E apud Delphos"	"Philosophic Dialogue"	"Attic/Koine"	"https://el.wikisource.org"	"CC-BY-SA 3.0"	"TXT"	5619	"6078"
1149	"0007-091"	1	200	"Plutarchus"	"De Pythiae oraculis"	"Philosophic Dialogue"	"Attic/Koine"	"https://el.wikisource.org"	"CC-BY-SA 3.0"	"TXT"	8256	"5752"
1150	"0007-092"	1	200	"Plutarchus"	"De defectu oraculorum"	"Philosophic Dialogue"	"Attic/Koine"	"https://el.wikisource.org"	"CC-BY-SA 3.0"	"TXT"	15412	"572"
1151	"0007-093"	1	200	"Plutarchus"	"An virtus doceri possit"	"Philosophy"	"Attic/Koine"	"https://el.wikisource.org"	"CC-BY-SA 3.0"	"TXT"	778	"6526"
1152	"0007-094"	1	200	"Plutarchus"	"De virtute morali"	"Philosophy"	"Attic/Koine"	"https://el.wikisource.org"	"CC-BY-SA 3.0"	"TXT"	6462	"6527"
1153	"0007-095"	1	200	"Plutarchus"	"De cohibenda ira"	"Philosophic Dialogue"	"Attic/Koine"	"https://el.wikisource.org"	"CC-BY-SA 3.0"	"TXT"	6288	"1345"
1154	"0007-096"	1	200	"Plutarchus"	"De tranquillitate animi"	"Philosophy"	"Attic/Koine"	"https://el.wikisource.org"	"CC-BY-SA 3.0"	"TXT"	6990	"5756"
1155	"0007-097"	1	200	"Plutarchus"	"De fraterno amore"	"Philosophy"	"Attic/Koine"	"https://el.wikisource.org"	"CC-BY-SA 3.0"	"TXT"	7556	"5744"
1156	"0007-098"	1	200	"Plutarchus"	"De amore prolis"	"Philosophy"	"Attic/Koine"	"https://el.wikisource.org"	"CC-BY-SA 3.0"	"TXT"	2474	"6528"
1157	"0007-099"	1	200	"Plutarchus"	"An vitiositas ad infelicitatem sufficiat"	"Philosophy"	"Attic/Koine"	"https://el.wikisource.org"	"CC-BY-SA 3.0"	"TXT"	991	"6529"
1158	"0007-100"	1	200	"Plutarchus"	"Animine an corporis affectiones sint peiores"	"Philosophy"	"Attic/Koine"	"https://el.wikisource.org"	"CC-BY-SA 3.0"	"TXT"	965	"6530"
1159	"0007-101"	1	200	"Plutarchus"	"De garrulitate"	"Philosophy"	"Attic/Koine"	"https://el.wikisource.org"	"CC-BY-SA 3.0"	"TXT"	6908	"5745"
1160	"0007-102"	1	200	"Plutarchus"	"De curiositate"	"Philosophy"	"Attic/Koine"	"https://el.wikisource.org"	"CC-BY-SA 3.0"	"TXT"	4267	"6531"
1161	"0007-103"	1	200	"Plutarchus"	"De cupiditate divitiarum"	"Philosophy"	"Attic/Koine"	"https://el.wikisource.org"	"CC-BY-SA 3.0"	"TXT"	2593	"6532"
1162	"0007-104"	1	200	"Plutarchus"	"De vitioso pudore"	"Philosophy"	"Attic/Koine"	"https://el.wikisource.org"	"CC-BY-SA 3.0"	"TXT"	4177	"6533"
1163	"0007-105"	1	200	"Plutarchus"	"De invidia et odio"	"Philosophy"	"Attic/Koine"	"https://el.wikisource.org"	"CC-BY-SA 3.0"	"TXT"	1165	"6534"
1164	"0007-106"	1	200	"Plutarchus"	"De laude ipsius"	"Philosophy"	"Attic/Koine"	"https://el.wikisource.org"	"CC-BY-SA 3.0"	"TXT"	4555	"6535"
1165	"0007-107"	1	200	"Plutarchus"	"De sera numinis vindicta"	"Philosophic Dialogue"	"Attic/Koine"	"https://el.wikisource.org"	"CC-BY-SA 3.0"	"TXT"	10622	"5753"
1166	"0007-108"	1	200	"Plutarchus"	"De fato"	"Philosophy"	"Attic/Koine"	"https://el.wikisource.org"	"CC-BY-SA 3.0"	"TXT"	3929	"6536"
1167	"0007-109"	1	200	"Plutarchus"	"De genio Socratis"	"Philosophic Dialogue"	"Attic/Koine"	"https://el.wikisource.org"	"CC-BY-SA 3.0"	"TXT"	13322	"5746"
1168	"0007-110"	1	200	"Plutarchus"	"De exilio"	"Philosophy"	"Attic/Koine"	"https://el.wikisource.org"	"CC-BY-SA 3.0"	"TXT"	4658	"288"
1169	"0007-111"	1	200	"Plutarchus"	"Consolatio ad uxorem"	"Philosophy"	"Attic/Koine"	"https://el.wikisource.org"	"CC-BY-SA 3.0"	"TXT"	2191	"6537"
1170	"0007-112"	1	200	"Plutarchus"	"Quaestiones convivales"	"Philosophic Dialogue"	"Attic/Koine"	"https://el.wikisource.org"	"CC-BY-SA 3.0"	"TXT"	71714	"977"
1171	"0007-113"	1	200	"Plutarchus"	"Amatorius"	"Philosophic Dialogue"	"Attic/Koine"	"https://el.wikisource.org"	"CC-BY-SA 3.0"	"TXT"	12621	"287"
1172	"0007-114"	1	200	"Plutarchus"	"Amatoriae narrationes"	"Narrative"	"Attic/Koine"	"https://el.wikisource.org"	"CC-BY-SA 3.0"	"TXT"	2062	"5738"
1173	"0007-115"	1	200	"Plutarchus"	"Maxime cum principibus philosopho esse disserendum"	"Philosophy"	"Attic/Koine"	"https://el.wikisource.org"	"CC-BY-SA 3.0"	"TXT"	1746	"291"
1174	"0007-116"	1	200	"Plutarchus"	"Ad principem ineruditum"	"Philosophy"	"Attic/Koine"	"https://el.wikisource.org"	"CC-BY-SA 3.0"	"TXT"	1818	"6539"
1175	"0007-117"	1	200	"Plutarchus"	"An seni respublica gerenda sit"	"Philosophy"	"Attic/Koine"	"https://el.wikisource.org"	"CC-BY-SA 3.0"	"TXT"	7691	"5739"
1176	"0007-118"	1	200	"Plutarchus"	"Praecepta gerendae reipublicae"	"Philosophy"	"Attic/Koine"	"https://el.wikisource.org"	"CC-BY-SA 3.0"	"TXT"	14274	"5757"
1177	"0007-119"	1	200	"Plutarchus"	"De unius in republica dominatione, populari statu, et paucorum imperio"	"Philosophy"	"Attic/Koine"	"https://el.wikisource.org"	"CC-BY-SA 3.0"	"TXT"	632	"6540"
1178	"0007-120"	1	200	"Plutarchus"	"De vitando aere alieno"	"Philosophy"	"Attic/Koine"	"https://el.wikisource.org"	"CC-BY-SA 3.0"	"TXT"	2422	"6541"
1179	"0007-121"	1	200	"Plutarchus"	"Vitae decem oratorum"	"Biography"	"Attic/Koine"	"https://el.wikisource.org"	"CC-BY-SA 3.0"	"TXT"	10490	"5789"
1180	"0007-122"	1	200	"Plutarchus"	"Comparationis Aristophanis et Menandri compendium"	"Rhetoric"	"Attic/Koine"	"https://el.wikisource.org"	"CC-BY-SA 3.0"	"TXT"	842	"5741"
1181	"0007-123"	1	200	"Plutarchus"	"De Herodoti malignitate"	"Rhetoric"	"Attic/Koine"	"https://el.wikisource.org"	"CC-BY-SA 3.0"	"TXT"	10398	"573"
1182	"0007-125"	1	200	"Plutarchus"	"Aetia physica"	"Physics"	"Attic/Koine"	"https://el.wikisource.org"	"CC-BY-SA 3.0"	"TXT"	4621	"6544"
1183	"0007-126"	1	200	"Plutarchus"	"De facie in orbe lunae"	"Astronomy/Astrology"	"Attic/Koine"	"https://el.wikisource.org"	"CC-BY-SA 3.0"	"TXT"	14556	"5742"
1184	"0007-127"	1	200	"Plutarchus"	"De primo frigido"	"Physics"	"Attic/Koine"	"https://el.wikisource.org"	"CC-BY-SA 3.0"	"TXT"	5696	"6545"
1185	"0007-128"	1	200	"Plutarchus"	"Aquane an ignis sit utilior"	"Rhetoric"	"Attic/Koine"	"https://el.wikisource.org"	"CC-BY-SA 3.0"	"TXT"	1861	"6546"
1186	"0007-129"	1	200	"Plutarchus"	"De sollertia animalium"	"Biology"	"Attic/Koine"	"https://el.wikisource.org"	"CC-BY-SA 3.0"	"TXT"	14154	"290"
1187	"0007-130"	1	200	"Plutarchus"	"Bruta animalia ratione uti"	"Biology"	"Attic/Koine"	"https://el.wikisource.org"	"CC-BY-SA 3.0"	"TXT"	3882	"574"
1188	"0007-131"	1	200	"Plutarchus"	"De esu carnium i"	"Philosophy"	"Attic/Koine"	"https://el.wikisource.org"	"CC-BY-SA 3.0"	"TXT"	1811	"6547"
1189	"0007-132"	1	200	"Plutarchus"	"De esu carnium ii"	"Philosophy"	"Attic/Koine"	"https://el.wikisource.org"	"CC-BY-SA 3.0"	"TXT"	1437	"6547"
1190	"0007-133"	1	200	"Plutarchus"	"Platonicae quaestiones"	"Philosophy"	"Attic/Koine"	"https://el.wikisource.org"	"CC-BY-SA 3.0"	"TXT"	7146	"5758"
1191	"0007-134"	1	200	"Plutarchus"	"De animae procreatione in Timaeo"	"Philosophy"	"Attic/Koine"	"https://el.wikisource.org"	"CC-BY-SA 3.0"	"TXT"	10640	"6549"
1192	"0007-135"	1	200	"Plutarchus"	"Epitome libri de animae procreatione in Timaeo"	"Philosophy"	"Attic/Koine"	"https://el.wikisource.org"	"CC-BY-SA 3.0"	"TXT"	1364	"6550"
1193	"0007-136"	1	200	"Plutarchus"	"De Stoicorum repugnantiis"	"Philosophy"	"Attic/Koine"	"https://el.wikisource.org"	"CC-BY-SA 3.0"	"TXT"	13861	"6551"
1194	"0007-137"	1	200	"Plutarchus"	"Stoicos absurdiora poetis dicere"	"Philosophy"	"Attic/Koine"	"https://el.wikisource.org"	"CC-BY-SA 3.0"	"TXT"	579	"6552"
1195	"0007-138"	1	200	"Plutarchus"	"De communibus notitiis adversus Stoicos"	"Philosophic Dialogue"	"Attic/Koine"	"https://el.wikisource.org"	"CC-BY-SA 3.0"	"TXT"	15871	"5740"
1196	"0007-139"	1	200	"Plutarchus"	"Non posse suaviter vivi secundum Epicurum"	"Philosophic Dialogue"	"Attic/Koine"	"https://el.wikisource.org"	"CC-BY-SA 3.0"	"TXT"	11115	"6553"
1197	"0007-140"	1	200	"Plutarchus"	"Adversus Colotem"	"Philosophy"	"Attic/Koine"	"https://el.wikisource.org"	"CC-BY-SA 3.0"	"TXT"	11467	"5737"
1198	"0007-141"	1	200	"Plutarchus"	"De latenter vivendo"	"Philosophy"	"Attic/Koine"	"https://el.wikisource.org"	"CC-BY-SA 3.0"	"TXT"	1487	"5748"
1203	"1622-001"	1	200	"Polycarpus"	"Epistula ad Philippenses"	"Epistolography"	NA	"First1K"	"CC BY-SA 4.0"	"XML"	1321	"6475"
1205	"0548-001"	1	200	"Pseudo-Apollodorus"	"Bibliotheca"	"Mythography"	NA	"Perseus"	"CC BY-SA 4.0"	"XML"	31359	"5495"
1206	"0548-002"	1	200	"Pseudo-Apollodorus"	"Bibliotheca"	"Mythography"	NA	"Perseus"	"CC BY-SA 4.0"	"XML"	9037	"5496"
1211	"0564-003"	1	200	"Rufus"	"De corporis humani appellationibus"	"Medicine"	NA	"https://deepblue.lib.umich.edu/handle/2027.42/95946"	NA	"TXT"	5842	"14029"
1212	"0564-004"	1	200	"Rufus"	"De partibus corporis humani"	"Medicine"	NA	"https://deepblue.lib.umich.edu/handle/2027.42/95946"	NA	"TXT"	2634	"14030"
1213	"0564-005"	1	200	"Rufus"	"De ossibus"	"Medicine"	NA	"https://deepblue.lib.umich.edu/handle/2027.42/95946"	NA	"TXT"	1218	"14031"
1224	"0532-001"	101	200	"Achilles Tatius"	"Leucippe et Clitophon"	"Narrative"	NA	"Perseus"	"CC BY-SA 4.0"	"XML"	49478	"1386"
1230	"0388-002"	101	200	"Acta Pauli"	"Martyrium Pauli"	"Religious Narrative"	"Koine"	"https://el.wikisource.org"	"CC-BY-SA 3.0"	"TXT"	1419	"15760"
1231	"0388-004"	101	200	"Acta Pauli"	"Acta Pauli et Theclae"	"Religious Narrative"	"Koine"	"https://el.wikisource.org"	"CC-BY-SA 3.0"	"TXT"	4269	NA
1232	"0388-005"	101	200	"Acta Pauli"	"Acta Pauli et Theclae"	"Religious Narrative"	"Koine"	"https://el.wikisource.org"	"CC-BY-SA 3.0"	"TXT"	844	NA
1235	"0284-001"	101	200	"Aelius Aristides"	"Εἰς Δία"	"Oratory"	"Attic/Koine"	"Perseus"	"CC BY-SA 4.0"	"XML"	2313	"11386 / 93"
1236	"0284-002"	101	200	"Aelius Aristides"	"Ἀθηνᾶ"	"Oratory"	"Attic/Koine"	"Perseus"	"CC BY-SA 4.0"	"XML"	2534	"11387"
1237	"0284-003"	101	200	"Aelius Aristides"	"Ἰσθμικὸς εἰς Ποσειδῶνα"	"Oratory"	"Attic/Koine"	"Perseus"	"CC BY-SA 4.0"	"XML"	3846	"11388"
1238	"0284-004"	101	200	"Aelius Aristides"	"Διόνυσος"	"Oratory"	"Attic/Koine"	"Perseus"	"CC BY-SA 4.0"	"XML"	851	"11389"
1239	"0284-005"	101	200	"Aelius Aristides"	"Ἡρακλῆς"	"Oratory"	"Attic/Koine"	"Perseus"	"CC BY-SA 4.0"	"XML"	1656	"11390"
1240	"0284-006"	101	200	"Aelius Aristides"	"Λαλιὰ εἰς Ἀσκληπιόν"	"Oratory"	"Attic/Koine"	"Perseus"	"CC BY-SA 4.0"	"XML"	1365	"11391"
1241	"0284-007"	101	200	"Aelius Aristides"	"Ἀσκληπιάδαι"	"Oratory"	"Attic/Koine"	"Perseus"	"CC BY-SA 4.0"	"XML"	1719	"11392"
1242	"0284-008"	101	200	"Aelius Aristides"	"Εἰς τὸν Σάραπιν"	"Oratory"	"Attic/Koine"	"Perseus"	"CC BY-SA 4.0"	"XML"	2972	"11393"
1243	"0284-009"	101	200	"Aelius Aristides"	"Εἰς βασιλέα"	"Oratory"	"Attic/Koine"	"Perseus"	"CC BY-SA 4.0"	"XML"	3236	"11394"
1244	"0284-010"	101	200	"Aelius Aristides"	"Ἀπελλᾶ γενεθλιακός"	"Oratory"	"Attic/Koine"	"Perseus"	"CC BY-SA 4.0"	"XML"	2352	"11395"
1245	"0284-011"	101	200	"Aelius Aristides"	"Εἰς Ἐτεωνέα ἐπικήδειος"	"Oratory"	"Attic/Koine"	"Perseus"	"CC BY-SA 4.0"	"XML"	1469	"11396"
1246	"0284-012"	101	200	"Aelius Aristides"	"Ἐπὶ Ἀλεξάνδρῳ ἐπιτάφιος"	"Oratory"	"Attic/Koine"	"Perseus"	"CC BY-SA 4.0"	"XML"	3061	"11397"
1247	"0284-013"	101	200	"Aelius Aristides"	"Παναθηναϊκός"	"Oratory"	"Attic/Koine"	"Perseus"	"CC BY-SA 4.0"	"XML"	32334	"584"
1248	"0284-014"	101	200	"Aelius Aristides"	"Ῥώμης ἐγκώμιον"	"Oratory"	"Attic/Koine"	"Perseus"	"CC BY-SA 4.0"	"XML"	9544	"11398"
1249	"0284-015"	101	200	"Aelius Aristides"	"Σμυρναϊκὸς πολιτικός"	"Oratory"	"Attic/Koine"	"Perseus"	"CC BY-SA 4.0"	"XML"	2103	"11399"
1250	"0284-016"	101	200	"Aelius Aristides"	"Πανηγυρικὸς ἐν Κυζίκῳ περὶ τοῦ ναοῦ"	"Oratory"	"Attic/Koine"	"Perseus"	"CC BY-SA 4.0"	"XML"	3617	"11400"
1251	"0284-017"	101	200	"Aelius Aristides"	"Εἰς τὸ Αἰγαῖον πέλαγος"	"Oratory"	"Attic/Koine"	"Perseus"	"CC BY-SA 4.0"	"XML"	1294	"11401"
1252	"0284-018"	101	200	"Aelius Aristides"	"Εἰς τὸ φρέαρ τοῦ Ἀσκληπιοῦ"	"Oratory"	"Attic/Koine"	"Perseus"	"CC BY-SA 4.0"	"XML"	1424	"11402"
1253	"0284-019"	101	200	"Aelius Aristides"	"Ἐλευσίνιος"	"Oratory"	"Attic/Koine"	"Perseus"	"CC BY-SA 4.0"	"XML"	1147	"11403"
1254	"0284-020"	101	200	"Aelius Aristides"	"Μονῳδία ἐπὶ Σμύρνῃ"	"Oratory"	"Attic/Koine"	"Perseus"	"CC BY-SA 4.0"	"XML"	858	"11404"
1255	"0284-021"	101	200	"Aelius Aristides"	"Παλινῳδία ἐπὶ Σμύρνῃ καὶ τῷ ταύτης ἀνοικισμῷ"	"Oratory"	"Attic/Koine"	"Perseus"	"CC BY-SA 4.0"	"XML"	1888	"11407"
1256	"0284-022"	101	200	"Aelius Aristides"	"Προσφωνητικός Σμυρναϊκός"	"Oratory"	"Attic/Koine"	"Perseus"	"CC BY-SA 4.0"	"XML"	1252	"11408"
1257	"0284-023"	101	200	"Aelius Aristides"	"Ἱεροὶ λόγοι αʹ"	"Biography"	"Attic/Koine"	"Perseus"	"CC BY-SA 4.0"	"XML"	5918	"1176"
1258	"0284-024"	101	200	"Aelius Aristides"	"Ἱεροὶ λόγοι βʹ"	"Biography"	"Attic/Koine"	"Perseus"	"CC BY-SA 4.0"	"XML"	6532	"1176"
1259	"0284-025"	101	200	"Aelius Aristides"	"Ἱεροὶ λόγοι γʹ"	"Biography"	"Attic/Koine"	"Perseus"	"CC BY-SA 4.0"	"XML"	3986	"1176"
1260	"0284-026"	101	200	"Aelius Aristides"	"Ἱεροὶ λόγοι δʹ"	"Biography"	"Attic/Koine"	"Perseus"	"CC BY-SA 4.0"	"XML"	9044	"1176"
1261	"0284-027"	101	200	"Aelius Aristides"	"Ἱεροὶ λόγοι εʹ"	"Biography"	"Attic/Koine"	"Perseus"	"CC BY-SA 4.0"	"XML"	5052	"1176"
1262	"0284-028"	101	200	"Aelius Aristides"	"Ἱεροὶ λόγοι ςʹ"	"Biography"	"Attic/Koine"	"Perseus"	"CC BY-SA 4.0"	"XML"	150	"1176"
1263	"0284-029"	101	200	"Aelius Aristides"	"Περὶ τοῦ πέμπειν βοήθειαν τοῖς ἐν Σικελίᾳ"	"Rhetoric"	"Attic/Koine"	"Perseus"	"CC BY-SA 4.0"	"XML"	4373	"11409"
1264	"0284-030"	101	200	"Aelius Aristides"	"Εἰς τὸ ἐναντίον"	"Rhetoric"	"Attic/Koine"	"Perseus"	"CC BY-SA 4.0"	"XML"	5067	"11410"
1265	"0284-031"	101	200	"Aelius Aristides"	"Ὑπὲρ τῆς πρὸς Λακεδαιμονίους εἰρήνης"	"Rhetoric"	"Attic/Koine"	"Perseus"	"CC BY-SA 4.0"	"XML"	2672	"11411"
1266	"0284-032"	101	200	"Aelius Aristides"	"Ὑπὲρ τῆς πρὸς Ἀθηναίους εἰρήνης"	"Rhetoric"	"Attic/Koine"	"Perseus"	"CC BY-SA 4.0"	"XML"	2305	"11412"
1267	"0284-033"	101	200	"Aelius Aristides"	"Λευκτρικὸς αʹ"	"Rhetoric"	"Attic/Koine"	"Perseus"	"CC BY-SA 4.0"	"XML"	6558	"11413"
1268	"0284-034"	101	200	"Aelius Aristides"	"Λευκτρικὸς βʹ"	"Rhetoric"	"Attic/Koine"	"Perseus"	"CC BY-SA 4.0"	"XML"	6939	"11413"
1269	"0284-035"	101	200	"Aelius Aristides"	"Λευκτρικὸς γʹ"	"Rhetoric"	"Attic/Koine"	"Perseus"	"CC BY-SA 4.0"	"XML"	3012	"11413"
1270	"0284-036"	101	200	"Aelius Aristides"	"Λευκτρικὸς δʹ"	"Rhetoric"	"Attic/Koine"	"Perseus"	"CC BY-SA 4.0"	"XML"	2808	"11413"
1271	"0284-037"	101	200	"Aelius Aristides"	"Λευκτρικὸς εʹ"	"Rhetoric"	"Attic/Koine"	"Perseus"	"CC BY-SA 4.0"	"XML"	3690	"11413"
1272	"0284-038"	101	200	"Aelius Aristides"	"Συμμαχικὸς αʹ"	"Rhetoric"	"Attic/Koine"	"Perseus"	"CC BY-SA 4.0"	"XML"	4590	"11414"
1273	"0284-039"	101	200	"Aelius Aristides"	"Συμμαχικὸς βʹ"	"Rhetoric"	"Attic/Koine"	"Perseus"	"CC BY-SA 4.0"	"XML"	4782	"11414"
1274	"0284-040"	101	200	"Aelius Aristides"	"Συμβουλευτικὸς περὶ τοῦ μὴ δεῖν κωμῳδεῖν"	"Oratory"	"Attic/Koine"	"Perseus"	"CC BY-SA 4.0"	"XML"	2420	"11415"
1275	"0284-041"	101	200	"Aelius Aristides"	"Ἐπιστολὴ περὶ Σμύρνης"	"Epistolography"	"Attic/Koine"	"Perseus"	"CC BY-SA 4.0"	"XML"	1355	"11416"
1276	"0284-042"	101	200	"Aelius Aristides"	"Περὶ ὁμονοίας ταῖς πόλεσιν"	"Oratory"	"Attic/Koine"	"Perseus"	"CC BY-SA 4.0"	"XML"	7257	"11417"
1277	"0284-043"	101	200	"Aelius Aristides"	"Ῥοδιακός"	"Oratory"	"Attic/Koine"	"Perseus"	"CC BY-SA 4.0"	"XML"	5971	"11418"
1278	"0284-044"	101	200	"Aelius Aristides"	"Ῥοδίοις περὶ ὁμονοίας"	"Oratory"	"Attic/Koine"	"Perseus"	"CC BY-SA 4.0"	"XML"	4917	"11419"
1279	"0284-045"	101	200	"Aelius Aristides"	"Πρὸς Πλάτωνα περὶ ῥητορικῆς"	"Rhetoric"	"Attic/Koine"	"Perseus"	"CC BY-SA 4.0"	"XML"	34683	"11420"
1280	"0284-046"	101	200	"Aelius Aristides"	"Πρὸς Πλάτωνα ὑπὲρ τῶν τεττάρων"	"Rhetoric"	"Attic/Koine"	"Perseus"	"CC BY-SA 4.0"	"XML"	58829	"620"
1281	"0284-047"	101	200	"Aelius Aristides"	"Πρὸς Καπίτωνα"	"Oratory"	"Attic/Koine"	"Perseus"	"CC BY-SA 4.0"	"XML"	4987	"11421"
1282	"0284-048"	101	200	"Aelius Aristides"	"Αἰγύπτιος"	"Oratory"	"Attic/Koine"	"Perseus"	"CC BY-SA 4.0"	"XML"	12209	"11422"
1283	"0284-049"	101	200	"Aelius Aristides"	"Περὶ τοῦ παραφθέγματος"	"Rhetoric"	"Attic/Koine"	"Perseus"	"CC BY-SA 4.0"	"XML"	13050	"11423"
1284	"0284-050"	101	200	"Aelius Aristides"	"Κατὰ τῶν ἐξορχουμένων"	"Oratory"	"Attic/Koine"	"Perseus"	"CC BY-SA 4.0"	"XML"	4712	"11424"
1285	"0284-051"	101	200	"Aelius Aristides"	"Πρὸς τοὺς αἰτιωμένους ὅτι μὴ μελετῴη"	"Oratory"	"Attic/Koine"	"Perseus"	"CC BY-SA 4.0"	"XML"	2569	"11425"
1286	"0284-052"	101	200	"Aelius Aristides"	"Πρεσβευτικὸς πρὸς Ἀχιλλέα"	"Rhetoric"	"Attic/Koine"	"Perseus"	"CC BY-SA 4.0"	"XML"	3946	"11426"
1287	"0284-053"	101	200	"Aelius Aristides"	"Πρὸς Δημοσθένη περὶ ἀτελείας"	"Rhetoric"	"Attic/Koine"	"Perseus"	"CC BY-SA 4.0"	"XML"	10300	"11427"
1288	"0284-054"	101	200	"Aelius Aristides"	"Πρὸς Λεπτίνην ὑπὲρ ἀτελείας"	"Rhetoric"	"Attic/Koine"	"Perseus"	"CC BY-SA 4.0"	"XML"	12419	"11428"
1289	"0284-055"	101	200	"Aelius Aristides"	"Πανηγυρικὸς ἐπὶ τῷ ὕδατι ἐν Περγάμῳ"	"Oratory"	"Attic/Koine"	"Perseus"	"CC BY-SA 4.0"	"XML"	400	"11429"
1290	"0284-056"	101	200	"Aelius Aristides"	"Ars rhetorica"	"Rhetoric"	"Attic/Koine"	"Perseus"	"CC BY-SA 4.0"	"XML"	27127	"1376"
1298	"1813-001"	101	200	"Anonymus De Plantis Aegyptiis"	"Fragmentum"	"Scientific Poetry"	NA	"Loeb (public domain)"	NA	"TXT"	149	NA
1307	"0082-001"	101	200	"Apollonius Dyscolus"	"De pronominibus"	"Language"	NA	"http://schmidhauser.us"	NA	"TXT"	31461	"5498"
1308	"0082-002"	101	200	"Apollonius Dyscolus"	"De adverbiis"	"Language"	NA	"http://schmidhauser.us"	NA	"TXT"	30058	"11859"
1309	"0082-003"	101	200	"Apollonius Dyscolus"	"De conjunctionibus"	"Language"	NA	"http://schmidhauser.us"	NA	"TXT"	14218	"11860"
1310	"0082-004"	101	200	"Apollonius Dyscolus"	"De constructione"	"Language"	NA	"http://schmidhauser.us"	NA	"TXT"	69872	"14009"
1311	"0719-001"	101	200	"Aretaeus"	"De causis et signis acutorum morborum libri duo"	"Medicine"	"Ionic"	"Perseus"	"CC BY-SA 4.0"	"XML"	11502	"6018"
1312	"0719-002"	101	200	"Aretaeus"	"De causis et signis diuturnorum morborum libri duo"	"Medicine"	"Ionic"	"Perseus"	"CC BY-SA 4.0"	"XML"	21032	"19580"
1313	"0719-003"	101	200	"Aretaeus"	"De curatione acutorum morborum libri duo"	"Medicine"	"Ionic"	"Perseus"	"CC BY-SA 4.0"	"XML"	19458	"12647"
1314	"0719-004"	101	200	"Aretaeus"	"De curatione diuturnorum morborum libri duo"	"Medicine"	"Ionic"	"Perseus"	"CC BY-SA 4.0"	"XML"	9788	"12648"
1315	"2148-001"	101	200	"Aristodemus"	"Fragmenta"	"History"	NA	"https://github.com/PietroLiuzzo/Aristodemo"	NA	"TXT"	3203	"2191"
1316	"0553-001"	101	200	"Artemidorus"	"Onirocriticon"	"Oneirocritic"	NA	"https://www.hs-augsburg.de/~harsch/augustana.html"	NA	"TXT"	72342	"474"
1318	"1205-001"	101	200	"Athenagoras"	"Legatio sive Supplicatio pro Christianis"	"Oratory"	NA	"First1K"	"CC BY-SA 4.0"	"XML"	13146	"5857"
1319	"1205-002"	101	200	"Athenagoras"	"De resurrectione"	"Theology"	"Koine"	"First1K"	"CC BY-SA 4.0"	"XML"	10044	"6460"
1320	"0614-001"	101	200	"Valerius Babrius"	"Mythiambi Aesopici"	"Lyric poetry"	NA	"First1K"	"CC BY-SA 4.0"	"XML"	13928	"646"
1322	"1252-002"	101	200	"Certamen Homeri Et Hesiodi"	"Certamen Homeri et Hesiodi"	"Narrative"	NA	"First1K"	"CC BY-SA 4.0"	"XML"	2728	"2488"
1323	"0554-001"	101	200	"Chariton"	"De Chaerea et Callirhoe"	"Narrative"	NA	"Perseus"	"CC BY-SA 4.0"	"XML"	41918	"663"
1334	"1272-001"	101	200	"Cleomedes"	"De motu circulari corporum caelestium"	"Astronomy/Astrology"	NA	"http://www.astrologicon.org"	NA	"TXT"	26883	"12868"
1335	"0361-001"	101	200	"Cleonides"	"Introductio harmonica"	"Music"	NA	"First1K"	"CC BY-SA 4.0"	"XML"	4177	"11843"
1337	"1311-001"	101	200	"Didache Xii Apostolorum"	"Διδαχαὶ τῶν ἀποστολῶν"	"Theology"	"Koine"	"First1K"	"CC BY-SA 4.0"	"XML"	2631	"15185"
1343	"1350-001"	101	200	"Epistula Ad Diognetum"	"Epistula ad Diognetum"	"Epistolography"	NA	"https://github.com/jtauber"	"CC BY-SA 4.0"	"TXT"	3087	"6434"
1345	"1353-001"	101	200	"Epitaphium Abercii"	"Epitaphium"	"Lyric poetry"	NA	"https://www.unine.ch/files/live/sites/u3a/files/shared/documents/Archives/AubertJJ_U3A_christianisme_2019_01_16.pdf"	NA	"TXT"	173	"12033"
1359	"0186-001"	101	200	"Marcus Cornelius Fronto"	"Ad Marcum Caesarem et invicem"	"Epistolography"	"Attic/Koine"	"http://remacle.org"	NA	"TXT"	972	"2522"
1360	"0186-002"	101	200	"Marcus Cornelius Fronto"	"Ad Marcum Caesarem et invicem"	"Epistolography"	"Attic/Koine"	"http://remacle.org"	NA	"TXT"	325	"2522"
1361	"0186-003"	101	200	"Marcus Cornelius Fronto"	"Ad amicos"	"Epistolography"	"Attic/Koine"	"http://remacle.org"	NA	"TXT"	74	"2522"
1362	"0186-004"	101	200	"Marcus Cornelius Fronto"	"Additamentum epistularum variarum acephalum"	"Epistolography"	"Attic/Koine"	"http://remacle.org"	NA	"TXT"	2524	"2522"
1363	"0186-005"	101	200	"Marcus Cornelius Fronto"	"Epigrammata"	"Lyric poetry"	NA	"Perseus"	"CC BY-SA 4.0"	"XML"	68	"12613"
1364	"0057-001"	101	200	"Galenus"	"Adhortatio ad artes addiscendas"	"Medicine"	"Attic/Koine"	"First1K"	"CC BY-SA 4.0"	"XML"	5797	"12525"
1365	"0057-002"	101	200	"Galenus"	"De optima doctrina"	"Medicine"	"Attic/Koine"	"First1K"	"CC BY-SA 4.0"	"XML"	2181	"12526"
1366	"0057-003"	101	200	"Galenus"	"Quod optimus medicus sit quoque philosophus"	"Medicine"	"Attic/Koine"	"First1K"	"CC BY-SA 4.0"	"XML"	1656	"12527"
1367	"0057-004"	101	200	"Galenus"	"De sectis ad eos qui introducuntur"	"Medicine"	"Attic/Koine"	"First1K"	"CC BY-SA 4.0"	"XML"	7425	"776"
1369	"0057-006"	101	200	"Galenus"	"De constitutione artis medicae ad Patrophilum"	"Medicine"	"Attic/Koine"	"First1K"	"CC BY-SA 4.0"	"XML"	14060	"12528"
1370	"0057-007"	101	200	"Galenus"	"Ars medica"	"Medicine"	"Attic/Koine"	"First1K"	"CC BY-SA 4.0"	"XML"	18994	"3692"
1371	"0057-008"	101	200	"Galenus"	"De elementis ex Hippocrate libri ii"	"Medicine"	"Attic/Koine"	"First1K"	"CC BY-SA 4.0"	"XML"	16052	"12529"
1372	"0057-009"	101	200	"Galenus"	"De temperamentis libri iii"	"Medicine"	"Attic/Koine"	"First1K"	"CC BY-SA 4.0"	"XML"	32791	"12530"
1373	"0057-010"	101	200	"Galenus"	"De naturalibus facultatibus"	"Medicine"	"Attic/Koine"	"First1K"	"CC BY-SA 4.0"	"XML"	37146	"774"
1374	"0057-011"	101	200	"Galenus"	"De anatomicis administrationibus libri ix"	"Medicine"	"Attic/Koine"	"First1K"	"CC BY-SA 4.0"	"XML"	89559	"12531"
1375	"0057-012"	101	200	"Galenus"	"De ossibus ad tirones"	"Medicine"	"Attic/Koine"	"First1K"	"CC BY-SA 4.0"	"XML"	7948	"12532"
1376	"0057-013"	101	200	"Galenus"	"De venarum arteriarumque dissectione"	"Medicine"	"Attic/Koine"	"First1K"	"CC BY-SA 4.0"	"XML"	8472	"12533"
1377	"0057-014"	101	200	"Galenus"	"De nervorum dissectione"	"Medicine"	"Attic/Koine"	"First1K"	"CC BY-SA 4.0"	"XML"	4043	"12534"
1378	"0057-015"	101	200	"Galenus"	"De instrumento odoratus"	"Medicine"	"Attic/Koine"	"First1K"	"CC BY-SA 4.0"	"XML"	4837	"12535"
1379	"0057-016"	101	200	"Galenus"	"De uteri dissectione"	"Medicine"	"Attic/Koine"	"First1K"	"CC BY-SA 4.0"	"XML"	3770	"12536"
1380	"0057-017"	101	200	"Galenus"	"De usu partium"	"Medicine"	"Attic/Koine"	"First1K"	"CC BY-SA 4.0"	"XML"	222756	"12537"
1381	"0057-018"	101	200	"Galenus"	"De motu musculorum libri ii"	"Medicine"	"Attic/Koine"	"First1K"	"CC BY-SA 4.0"	"XML"	17169	"12538"
1382	"0057-019"	101	200	"Galenus"	"De victu attenuante"	"Medicine"	"Attic/Koine"	"First1K"	"CC BY-SA 4.0"	"XML"	7162	"12539"
1383	"0057-020"	101	200	"Galenus"	"De utilitate respirationis liber"	"Medicine"	"Attic/Koine"	"First1K"	"CC BY-SA 4.0"	"XML"	7061	"12540"
1384	"0057-021"	101	200	"Galenus"	"De semine libri ii"	"Medicine"	"Attic/Koine"	"First1K"	"CC BY-SA 4.0"	"XML"	23951	"12541"
1385	"0057-022"	101	200	"Galenus"	"De foetuum formatione libellus"	"Medicine"	"Attic/Koine"	"First1K"	"CC BY-SA 4.0"	"XML"	8855	"12542"
1386	"0057-023"	101	200	"Galenus"	"An in arteriis natura sanguis contineatur"	"Medicine"	"Attic/Koine"	"First1K"	"CC BY-SA 4.0"	"XML"	5488	"12543"
1387	"0057-024"	101	200	"Galenus"	"De optima corporis nostri constitutione"	"Medicine"	"Attic/Koine"	"First1K"	"CC BY-SA 4.0"	"XML"	2040	"12544"
1388	"0057-025"	101	200	"Galenus"	"De bono habitu liber"	"Medicine"	"Attic/Koine"	"First1K"	"CC BY-SA 4.0"	"XML"	957	"12545"
1390	"0057-027"	101	200	"Galenus"	"Quod animi mores corporis temperamenta sequantur"	"Medicine"	"Attic/Koine"	"First1K"	"CC BY-SA 4.0"	"XML"	9746	"6423"
1391	"0057-028"	101	200	"Galenus"	"De propriorum animi cuiuslibet affectuum dignotione et curatione"	"Medicine"	"Attic/Koine"	"First1K"	"CC BY-SA 4.0"	"XML"	9701	"15204"
1392	"0057-029"	101	200	"Galenus"	"De animi cuiuslibet peccatorum dignotione et curatione"	"Medicine"	"Attic/Koine"	"First1K"	"CC BY-SA 4.0"	"XML"	7366	"6422"
1393	"0057-030"	101	200	"Galenus"	"De atra bile"	"Medicine"	"Attic/Koine"	"First1K"	"CC BY-SA 4.0"	"XML"	7233	"12546"
1394	"0057-031"	101	200	"Galenus"	"De usu pulsuum"	"Medicine"	"Attic/Koine"	"First1K"	"CC BY-SA 4.0"	"XML"	5131	"12547"
1395	"0057-032"	101	200	"Galenus"	"De placitis Hippocratis et Platonis"	"Medicine"	"Attic/Koine"	"First1K"	"CC BY-SA 4.0"	"XML"	109685	"773"
1397	"0057-034"	101	200	"Galenus"	"De parvae pilae exercitio"	"Medicine"	"Attic/Koine"	"First1K"	"CC BY-SA 4.0"	"XML"	2015	"12548"
1398	"0057-035"	101	200	"Galenus"	"De venereis"	"Medicine"	"Attic/Koine"	"First1K"	"CC BY-SA 4.0"	"XML"	656	"12549"
1399	"0057-036"	101	200	"Galenus"	"De sanitate tuenda libri vi"	"Medicine"	"Attic/Koine"	"First1K"	"CC BY-SA 4.0"	"XML"	77722	"4430"
1401	"0057-038"	101	200	"Galenus"	"De rebus boni malique suci"	"Medicine"	"Attic/Koine"	"First1K"	"CC BY-SA 4.0"	"XML"	11783	"12550"
1402	"0057-039"	101	200	"Galenus"	"De ptisana"	"Medicine"	"Attic/Koine"	"First1K"	"CC BY-SA 4.0"	"XML"	2598	"12551"
1403	"0057-040"	101	200	"Galenus"	"De dignotione ex insomniis"	"Medicine"	"Attic/Koine"	"First1K"	"CC BY-SA 4.0"	"XML"	565	"12552"
1404	"0057-041"	101	200	"Galenus"	"De morborum differentiis"	"Medicine"	"Attic/Koine"	"First1K"	"CC BY-SA 4.0"	"XML"	7699	"12553"
1405	"0057-042"	101	200	"Galenus"	"De causis morborum liber"	"Medicine"	"Attic/Koine"	"First1K"	"CC BY-SA 4.0"	"XML"	6930	"12554"
1406	"0057-043"	101	200	"Galenus"	"De symptomatum differentiis liber"	"Medicine"	"Attic/Koine"	"First1K"	"CC BY-SA 4.0"	"XML"	7618	"11375"
1407	"0057-044"	101	200	"Galenus"	"De symptomatum causis libri iii"	"Medicine"	"Attic/Koine"	"First1K"	"CC BY-SA 4.0"	"XML"	33589	"12555"
1408	"0057-045"	101	200	"Galenus"	"De differentiis febrium libri ii"	"Medicine"	"Attic/Koine"	"First1K"	"CC BY-SA 4.0"	"XML"	23935	"12556"
1409	"0057-046"	101	200	"Galenus"	"De morborum temporibus liber"	"Medicine"	"Attic/Koine"	"First1K"	"CC BY-SA 4.0"	"XML"	6087	"12557"
1410	"0057-047"	101	200	"Galenus"	"De totius morbi temporibus liber"	"Medicine"	"Attic/Koine"	"First1K"	"CC BY-SA 4.0"	"XML"	4111	"12558"
1411	"0057-048"	101	200	"Galenus"	"De typis liber"	"Medicine"	"Attic/Koine"	"First1K"	"CC BY-SA 4.0"	"XML"	1818	"12559"
1412	"0057-049"	101	200	"Galenus"	"Adversus eos qui de typis scripserunt vel de circuitibus"	"Medicine"	"Attic/Koine"	"First1K"	"CC BY-SA 4.0"	"XML"	6298	"12560"
1413	"0057-050"	101	200	"Galenus"	"De plenitudine liber"	"Medicine"	"Attic/Koine"	"First1K"	"CC BY-SA 4.0"	"XML"	12949	"12561"
1414	"0057-051"	101	200	"Galenus"	"De tremore, palpitatione, convulsione et rigore liber"	"Medicine"	"Attic/Koine"	"First1K"	"CC BY-SA 4.0"	"XML"	10546	"12562"
1415	"0057-052"	101	200	"Galenus"	"De comate secundum Hippocratem liber"	"Medicine"	"Attic/Koine"	"First1K"	"CC BY-SA 4.0"	"XML"	3947	"12563"
1416	"0057-053"	101	200	"Galenus"	"De marcore liber"	"Medicine"	"Attic/Koine"	"First1K"	"CC BY-SA 4.0"	"XML"	6659	"12564"
1417	"0057-054"	101	200	"Galenus"	"De tumoribus praeter naturam"	"Medicine"	"Attic/Koine"	"First1K"	"CC BY-SA 4.0"	"XML"	4860	"12565"
1418	"0057-055"	101	200	"Galenus"	"De inaequali intemperie liber"	"Medicine"	"Attic/Koine"	"First1K"	"CC BY-SA 4.0"	"XML"	3619	"12566"
1419	"0057-056"	101	200	"Galenus"	"De difficultate respirationis libri iii"	"Medicine"	"Attic/Koine"	"First1K"	"CC BY-SA 4.0"	"XML"	36988	"12567"
1420	"0057-057"	101	200	"Galenus"	"De locis affectis libri vi"	"Medicine"	"Attic/Koine"	"First1K"	"CC BY-SA 4.0"	"XML"	80060	"4429"
1421	"0057-058"	101	200	"Galenus"	"De pulsibus libellus ad tirones"	"Medicine"	"Attic/Koine"	"First1K"	"CC BY-SA 4.0"	"XML"	6869	"12568"
1422	"0057-059"	101	200	"Galenus"	"De differentia pulsuum libri iv"	"Medicine"	"Attic/Koine"	"First1K"	"CC BY-SA 4.0"	"XML"	49245	"5372"
1423	"0057-060"	101	200	"Galenus"	"De dignoscendis pulsibus libri iv"	"Medicine"	"Attic/Koine"	"First1K"	"CC BY-SA 4.0"	"XML"	35937	"15740"
1424	"0057-061"	101	200	"Galenus"	"De causis pulsuum libri iv"	"Medicine"	"Attic/Koine"	"First1K"	"CC BY-SA 4.0"	"XML"	36435	"12569"
1425	"0057-062"	101	200	"Galenus"	"De praesagitione ex pulsibus libri iv"	"Medicine"	"Attic/Koine"	"First1K"	"CC BY-SA 4.0"	"XML"	41028	"12570"
1426	"0057-063"	101	200	"Galenus"	"Synopsis librorum suorum de pulsibus"	"Medicine"	"Attic/Koine"	"First1K"	"CC BY-SA 4.0"	"XML"	17633	"12571"
1427	"0057-064"	101	200	"Galenus"	"De crisibus libri iii"	"Medicine"	"Attic/Koine"	"First1K"	"CC BY-SA 4.0"	"XML"	39009	"12572"
1428	"0057-065"	101	200	"Galenus"	"De diebus decretoriis libri iii"	"Medicine"	"Attic/Koine"	"First1K"	"CC BY-SA 4.0"	"XML"	31043	"12573"
1429	"0057-066"	101	200	"Galenus"	"De methodo medendi libri xiv"	"Medicine"	"Attic/Koine"	"First1K"	"CC BY-SA 4.0"	"XML"	179163	"2282"
1430	"0057-067"	101	200	"Galenus"	"Ad Glauconem de medendi methodo libri ii"	"Medicine"	"Attic/Koine"	"First1K"	"CC BY-SA 4.0"	"XML"	25760	"15317"
1431	"0057-068"	101	200	"Galenus"	"De venae sectione adversus Erasistratum"	"Medicine"	"Attic/Koine"	"First1K"	"CC BY-SA 4.0"	"XML"	6843	"12574"
1432	"0057-069"	101	200	"Galenus"	"De venae sectione adversus Erasistrateos Romae degentes"	"Medicine"	"Attic/Koine"	"First1K"	"CC BY-SA 4.0"	"XML"	10256	"5375"
1433	"0057-070"	101	200	"Galenus"	"De curandi ratione per venae sectionem"	"Medicine"	"Attic/Koine"	"First1K"	"CC BY-SA 4.0"	"XML"	11356	"5376"
1434	"0057-071"	101	200	"Galenus"	"De hirudinibus, revulsione, cucurbitula, incisione et scarificatione"	"Medicine"	"Attic/Koine"	"First1K"	"CC BY-SA 4.0"	"XML"	801	"12575"
1435	"0057-072"	101	200	"Galenus"	"De purgantium medicamentorum facultate"	"Medicine"	"Attic/Koine"	"First1K"	"CC BY-SA 4.0"	"XML"	3376	"12576"
1436	"0057-073"	101	200	"Galenus"	"Quos quibus catharticis medicamentis et quando purgare oporteat"	"Medicine"	"Attic/Koine"	"First1K"	"CC BY-SA 4.0"	"XML"	2248	"12577"
1437	"0057-074"	101	200	"Galenus"	"Pro puero epileptico consilium"	"Medicine"	"Attic/Koine"	"First1K"	"CC BY-SA 4.0"	"XML"	3644	"12578"
1438	"0057-075"	101	200	"Galenus"	"De simplicium medicamentorum temperamentis ac facultatibus libri xi"	"Medicine"	"Attic/Koine"	"First1K"	"CC BY-SA 4.0"	"XML"	149539	"3661"
1439	"0057-076"	101	200	"Galenus"	"De compositione medicamentorum secundum locos libri x"	"Medicine"	"Attic/Koine"	"First1K"	"CC BY-SA 4.0"	"XML"	169220	"15318"
1440	"0057-077"	101	200	"Galenus"	"De compositione medicamentorum per genera libri vii"	"Medicine"	"Attic/Koine"	"First1K"	"CC BY-SA 4.0"	"XML"	122680	"12579"
1441	"0057-078"	101	200	"Galenus"	"De antidotis libri ii"	"Medicine"	"Attic/Koine"	"First1K"	"CC BY-SA 4.0"	"XML"	34145	"775"
1442	"0057-079"	101	200	"Galenus"	"De theriaca ad Pisonem"	"Medicine"	"Attic/Koine"	"First1K"	"CC BY-SA 4.0"	"XML"	14733	"12580"
1444	"0057-081"	101	200	"Galenus"	"Institutio logica"	"Philosophy"	"Attic/Koine"	"First1K"	"CC BY-SA 4.0"	"XML"	9656	"12581"
1445	"0057-082"	101	200	"Galenus"	"De sophismatis seu captionibus penes dictionem"	"Rhetoric"	"Attic/Koine"	"First1K"	"CC BY-SA 4.0"	"XML"	2963	"12582"
1446	"0057-083"	101	200	"Galenus"	"De praenotione ad Posthumum"	"Medicine"	"Attic/Koine"	"First1K"	"CC BY-SA 4.0"	"XML"	12584	"5377"
1447	"0057-084"	101	200	"Galenus"	"De substantia facultatum naturalium fragmentum"	"Medicine"	"Attic/Koine"	"First1K"	"CC BY-SA 4.0"	"XML"	1610	"12584"
1448	"0057-085"	101	200	"Galenus"	"In Hippocratis de natura hominis librum commentarii iii"	"Medicine"	"Attic/Koine"	"First1K"	"CC BY-SA 4.0"	"XML"	27838	"12585"
1449	"0057-086"	101	200	"Galenus"	"In Hippocratis vel Polybi opus de salubri victus ratione privatorum commentarius"	"Medicine"	"Attic/Koine"	"First1K"	"CC BY-SA 4.0"	"XML"	7512	"12586"
1450	"0057-087"	101	200	"Galenus"	"In Hippocratis de victu acutorum commentaria iv"	"Medicine"	"Attic/Koine"	"First1K"	"CC BY-SA 4.0"	"XML"	76430	"12587"
1452	"0057-089"	101	200	"Galenus"	"In Hippocratis librum primum epidemiarum commentarii iii"	"Medicine"	"Attic/Koine"	"First1K"	"CC BY-SA 4.0"	"XML"	179490	"4431"
1455	"0057-092"	101	200	"Galenus"	"In Hippocratis aphorismos commentarii vii"	"Medicine"	"Attic/Koine"	"First1K"	"CC BY-SA 4.0"	"XML"	109209	"5379"
1456	"0057-093"	101	200	"Galenus"	"Adversus Lycum libellus"	"Medicine"	"Attic/Koine"	"First1K"	"CC BY-SA 4.0"	"XML"	8459	"12588"
1457	"0057-094"	101	200	"Galenus"	"Adversus ea quae a Juliano in Hippocratis aphorismos enuntiata sunt libellus"	"Medicine"	"Attic/Koine"	"First1K"	"CC BY-SA 4.0"	"XML"	8672	"12589"
1458	"0057-095"	101	200	"Galenus"	"In Hippocratis librum de articulis et Galeni in eum commentarii iv"	"Medicine"	"Attic/Koine"	"First1K"	"CC BY-SA 4.0"	"XML"	58352	"12590"
1459	"0057-096"	101	200	"Galenus"	"De humero iis modis prolapso quos Hippocrates non vidit"	"Medicine"	"Attic/Koine"	"First1K"	"CC BY-SA 4.0"	"XML"	11148	"12591"
1460	"0057-099"	101	200	"Galenus"	"In Hippocratis prognosticum commentaria iii"	"Medicine"	"Attic/Koine"	"First1K"	"CC BY-SA 4.0"	"XML"	48289	"12592"
1461	"0057-100"	101	200	"Galenus"	"In Hippocratis librum de fracturis commentarii iii"	"Medicine"	"Attic/Koine"	"First1K"	"CC BY-SA 4.0"	"XML"	47050	"12593"
1462	"0057-101"	101	200	"Galenus"	"In Hippocratis librum de officina medici commentarii iii"	"Medicine"	"Attic/Koine"	"First1K"	"CC BY-SA 4.0"	"XML"	46710	"12594"
1463	"0057-102"	101	200	"Galenus"	"De musculorum dissectione ad tirones"	"Medicine"	"Attic/Koine"	"First1K"	"CC BY-SA 4.0"	"XML"	16136	"12595"
1464	"0057-103"	101	200	"Galenus"	"De consuetudinibus"	"Medicine"	"Attic/Koine"	"First1K"	"CC BY-SA 4.0"	"XML"	4485	"12596"
1468	"0057-107"	101	200	"Galenus"	"De experientia medica"	"Medicine"	"Attic/Koine"	"First1K"	"CC BY-SA 4.0"	"XML"	1178	"12597"
1469	"0057-111"	101	200	"Galenus"	"Quod qualitates incorporeae sint"	"Medicine"	"Attic/Koine"	"First1K"	"CC BY-SA 4.0"	"XML"	3755	"12598"
1470	"0057-114"	101	200	"Galenus"	"De causis respirationis"	"Medicine"	"Attic/Koine"	"First1K"	"CC BY-SA 4.0"	"XML"	775	"12599"
1479	"1419-001"	101	200	"Hermas"	"Pastor"	"Religious Prophecy"	"Koine"	"https://github.com/jtauber"	"CC BY-SA 4.0"	"TXT"	32014	"791"
1485	"0087-004"	101	200	"Aelius Herodianus et Pseudo-Herodianus"	"Περὶ διχρόνων"	"Language"	NA	"First1K"	"CC BY-SA 4.0"	"XML"	4877	"12635"
1533	"1451-003"	101	200	"Josephus Et Aseneth"	"Confessio et precatio Aseneth"	"Religious Narrative"	"Koine"	"https://www.mohrsiebeck.com/en/book/joseph-und-aseneth-9783161564390"	"CC BY-NC-ND 4.0"	"TXT"	14704	"11193"
1544	"0561-001"	101	200	"Longus"	"Daphnis et Chloe"	"Narrative"	"Attic/Koine"	"Perseus"	"CC BY-SA 4.0"	"XML"	22837	"6471"
1545	"0062-001"	101	200	"Lucianus"	"Phalaris"	"Oratory"	"Attic/Koine"	"Perseus"	"CC BY-SA 4.0"	"XML"	3295	"6358"
1546	"0062-002"	101	200	"Lucianus"	"Hippias"	"Oratory"	"Attic/Koine"	"Perseus"	"CC BY-SA 4.0"	"XML"	1092	"6359"
1547	"0062-003"	101	200	"Lucianus"	"Bacchus"	"Oratory"	"Attic/Koine"	"Perseus"	"CC BY-SA 4.0"	"XML"	1188	"6360"
1548	"0062-004"	101	200	"Lucianus"	"Hercules"	"Oratory"	"Attic/Koine"	"Perseus"	"CC BY-SA 4.0"	"XML"	875	"6357"
1549	"0062-005"	101	200	"Lucianus"	"Electrum"	"Oratory"	"Attic/Koine"	"Perseus"	"CC BY-SA 4.0"	"XML"	700	"6361"
1550	"0062-006"	101	200	"Lucianus"	"Muscae encomium"	"Oratory"	"Attic/Koine"	"Perseus"	"CC BY-SA 4.0"	"XML"	1346	"6362"
1551	"0062-007"	101	200	"Lucianus"	"Nigrinus"	"Philosophic Dialogue"	"Attic/Koine"	"Perseus"	"CC BY-SA 4.0"	"XML"	4597	"5678"
1552	"0062-008"	101	200	"Lucianus"	"Demonax"	"Biography"	"Attic/Koine"	"Perseus"	"CC BY-SA 4.0"	"XML"	3832	"5666"
1553	"0062-009"	101	200	"Lucianus"	"De domo"	"Oratory"	"Attic/Koine"	"Perseus"	"CC BY-SA 4.0"	"XML"	3491	"6363"
1554	"0062-010"	101	200	"Lucianus"	"Patriae encomium"	"Oratory"	"Attic/Koine"	"Perseus"	"CC BY-SA 4.0"	"XML"	1079	"6364"
1555	"0062-011"	101	200	"Lucianus"	"Macrobii"	"Paradoxography"	"Attic/Koine"	"Perseus"	"CC BY-SA 4.0"	"XML"	2354	"5677"
1556	"0062-012"	101	200	"Lucianus"	"Verae historiae"	"Narrative"	"Attic/Koine"	"Perseus"	"CC BY-SA 4.0"	"XML"	12780	"453"
1557	"0062-013"	101	200	"Lucianus"	"Calumniae non temere credendum"	"Oratory"	"Attic/Koine"	"Perseus"	"CC BY-SA 4.0"	"XML"	3538	"237"
1558	"0062-014"	101	200	"Lucianus"	"Lis consonantium"	"Oratory"	"Attic/Koine"	"Perseus"	"CC BY-SA 4.0"	"XML"	1313	"6365"
1559	"0062-015"	101	200	"Lucianus"	"Symposium"	"Dialogue"	"Attic/Koine"	"Perseus"	"CC BY-SA 4.0"	"XML"	5540	"5683"
1560	"0062-016"	101	200	"Lucianus"	"Cataplus"	"Dialogue"	"Attic/Koine"	"Perseus"	"CC BY-SA 4.0"	"XML"	4603	"5276"
1561	"0062-017"	101	200	"Lucianus"	"Juppiter confutatus"	"Dialogue"	"Attic/Koine"	"Perseus"	"CC BY-SA 4.0"	"XML"	2634	"6367"
1562	"0062-018"	101	200	"Lucianus"	"Juppiter tragoedus"	"Dialogue"	"Attic/Koine"	"Perseus"	"CC BY-SA 4.0"	"XML"	7623	"5675"
1563	"0062-019"	101	200	"Lucianus"	"Gallus"	"Dialogue"	"Attic/Koine"	"Perseus"	"CC BY-SA 4.0"	"XML"	6496	"6368"
1564	"0062-020"	101	200	"Lucianus"	"Prometheus"	"Dialogue"	"Attic/Koine"	"Perseus"	"CC BY-SA 4.0"	"XML"	2748	"6369"
1565	"0062-021"	101	200	"Lucianus"	"Icaromenippus"	"Dialogue"	"Attic/Koine"	"Perseus"	"CC BY-SA 4.0"	"XML"	6063	"6370"
1566	"0062-022"	101	200	"Lucianus"	"Timon"	"Dialogue"	"Attic/Koine"	"Perseus"	"CC BY-SA 4.0"	"XML"	6835	"6371"
1567	"0062-023"	101	200	"Lucianus"	"Charon sive contemplantes"	"Dialogue"	"Attic/Koine"	"Perseus"	"CC BY-SA 4.0"	"XML"	4803	"6372"
1568	"0062-024"	101	200	"Lucianus"	"Vitarum auctio"	"Dialogue"	"Attic/Koine"	"Perseus"	"CC BY-SA 4.0"	"XML"	4091	"5687"
1569	"0062-025"	101	200	"Lucianus"	"Revivescentes sive piscator"	"Dialogue"	"Attic/Koine"	"Perseus"	"CC BY-SA 4.0"	"XML"	7345	"6373"
1570	"0062-026"	101	200	"Lucianus"	"Bis accusatus sive tribunalia"	"Dialogue"	"Attic/Koine"	"Perseus"	"CC BY-SA 4.0"	"XML"	6497	"6374"
1571	"0062-027"	101	200	"Lucianus"	"De sacrificiis"	"Oratory"	"Attic/Koine"	"Perseus"	"CC BY-SA 4.0"	"XML"	1995	"6375"
1572	"0062-028"	101	200	"Lucianus"	"Adversus indoctum et libros multos ementem"	"Oratory"	"Attic/Koine"	"Perseus"	"CC BY-SA 4.0"	"XML"	4334	"5674"
1573	"0062-029"	101	200	"Lucianus"	"Somnium sive vita Luciani"	"Oratory"	"Attic/Koine"	"Perseus"	"CC BY-SA 4.0"	"XML"	2104	"5682"
1574	"0062-030"	101	200	"Lucianus"	"De parasito sive artem esse parasiticam"	"Dialogue"	"Attic/Koine"	"Perseus"	"CC BY-SA 4.0"	"XML"	7450	"6376"
1575	"0062-031"	101	200	"Lucianus"	"Philopseudes sive incredulus"	"Dialogue"	"Attic/Koine"	"Perseus"	"CC BY-SA 4.0"	"XML"	7552	"5679"
1576	"0062-032"	101	200	"Lucianus"	"Dearum judicium"	"Dialogue"	"Attic/Koine"	"Perseus"	"CC BY-SA 4.0"	"XML"	2368	"6377"
1577	"0062-033"	101	200	"Lucianus"	"De mercede conductis potentium familiaribus"	"Oratory"	"Attic/Koine"	"Perseus"	"CC BY-SA 4.0"	"XML"	8090	"6378"
1578	"0062-034"	101	200	"Lucianus"	"Anacharsis"	"Dialogue"	"Attic/Koine"	"Perseus"	"CC BY-SA 4.0"	"XML"	7187	"5663"
1579	"0062-035"	101	200	"Lucianus"	"Menippus sive necyomantia"	"Dialogue"	"Attic/Koine"	"Perseus"	"CC BY-SA 4.0"	"XML"	3741	"6379"
1580	"0062-036"	101	200	"Lucianus"	"De luctu"	"Oratory"	"Attic/Koine"	"Perseus"	"CC BY-SA 4.0"	"XML"	1996	"5676"
1581	"0062-037"	101	200	"Lucianus"	"Rhetorum praeceptor"	"Rhetoric"	"Attic/Koine"	"Perseus"	"CC BY-SA 4.0"	"XML"	4033	"6380"
1582	"0062-038"	101	200	"Lucianus"	"Alexander"	"Oratory"	"Attic/Koine"	"Perseus"	"CC BY-SA 4.0"	"XML"	7929	"5662"
1583	"0062-039"	101	200	"Lucianus"	"Imagines"	"Dialogue"	"Attic/Koine"	"Perseus"	"CC BY-SA 4.0"	"XML"	3700	"6356"
1584	"0062-040"	101	200	"Lucianus"	"Pro imaginibus"	"Dialogue"	"Attic/Koine"	"Perseus"	"CC BY-SA 4.0"	"XML"	4092	"6385"
1585	"0062-041"	101	200	"Lucianus"	"De Syria dea"	"History"	"Ionic"	"Perseus"	"CC BY-SA 4.0"	"XML"	7147	"5684"
1586	"0062-042"	101	200	"Lucianus"	"De morte Peregrini"	"Oratory"	"Attic/Koine"	"Perseus"	"CC BY-SA 4.0"	"XML"	4829	"5667"
1587	"0062-043"	101	200	"Lucianus"	"Fugitivi"	"Dialogue"	"Attic/Koine"	"Perseus"	"CC BY-SA 4.0"	"XML"	3692	"6389"
1588	"0062-044"	101	200	"Lucianus"	"Toxaris vel amicitia"	"Dialogue"	"Attic/Koine"	"Perseus"	"CC BY-SA 4.0"	"XML"	11180	"6390"
1589	"0062-045"	101	200	"Lucianus"	"De saltatione"	"Dialogue"	"Attic/Koine"	"Perseus"	"CC BY-SA 4.0"	"XML"	7960	"5681"
1590	"0062-046"	101	200	"Lucianus"	"Lexiphanes"	"Dialogue"	"Attic/Koine"	"Perseus"	"CC BY-SA 4.0"	"XML"	3376	"6381"
1591	"0062-047"	101	200	"Lucianus"	"Eunuchus"	"Dialogue"	"Attic/Koine"	"Perseus"	"CC BY-SA 4.0"	"XML"	1501	"6382"
1592	"0062-048"	101	200	"Lucianus"	"De astrologia"	"Astronomy/Astrology"	"Ionic"	"Perseus"	"CC BY-SA 4.0"	"XML"	2225	"6383"
1593	"0062-049"	101	200	"Lucianus"	"Pseudologista"	"Oratory"	"Attic/Koine"	"Perseus"	"CC BY-SA 4.0"	"XML"	4540	"5680"
1594	"0062-050"	101	200	"Lucianus"	"Deorum concilium"	"Dialogue"	"Attic/Koine"	"Perseus"	"CC BY-SA 4.0"	"XML"	2145	"6386"
1595	"0062-051"	101	200	"Lucianus"	"Tyrannicida"	"Oratory"	"Attic/Koine"	"Perseus"	"CC BY-SA 4.0"	"XML"	3396	"6387"
1596	"0062-052"	101	200	"Lucianus"	"Abdicatus"	"Oratory"	"Attic/Koine"	"Perseus"	"CC BY-SA 4.0"	"XML"	5551	"6388"
1597	"0062-053"	101	200	"Lucianus"	"Quomodo historia conscribenda sit"	"History"	"Attic/Koine"	"Perseus"	"CC BY-SA 4.0"	"XML"	8712	"5673"
1598	"0062-054"	101	200	"Lucianus"	"Dipsades"	"Oratory"	"Attic/Koine"	"Perseus"	"CC BY-SA 4.0"	"XML"	1069	"6392"
1599	"0062-055"	101	200	"Lucianus"	"Saturnalia"	"Dialogue"	"Attic/Koine"	"Perseus"	"CC BY-SA 4.0"	"XML"	5983	"6393"
1600	"0062-056"	101	200	"Lucianus"	"Herodotus"	"Oratory"	"Attic/Koine"	"Perseus"	"CC BY-SA 4.0"	"XML"	1054	"5671"
1601	"0062-057"	101	200	"Lucianus"	"Zeuxis"	"Oratory"	"Attic/Koine"	"Perseus"	"CC BY-SA 4.0"	"XML"	1808	"6394"
1602	"0062-058"	101	200	"Lucianus"	"Pro lapsu inter salutandum"	"Oratory"	"Attic/Koine"	"Perseus"	"CC BY-SA 4.0"	"XML"	1870	"6395"
1603	"0062-059"	101	200	"Lucianus"	"Apologia"	"Oratory"	"Attic/Koine"	"Perseus"	"CC BY-SA 4.0"	"XML"	2347	"6396"
1604	"0062-060"	101	200	"Lucianus"	"Harmonides"	"Oratory"	"Attic/Koine"	"Perseus"	"CC BY-SA 4.0"	"XML"	1129	"6397"
1605	"0062-061"	101	200	"Lucianus"	"Hesiodus"	"Dialogue"	"Attic/Koine"	"Perseus"	"CC BY-SA 4.0"	"XML"	1061	"6398"
1606	"0062-062"	101	200	"Lucianus"	"Scytha"	"Oratory"	"Attic/Koine"	"Perseus"	"CC BY-SA 4.0"	"XML"	2161	"6399"
1607	"0062-063"	101	200	"Lucianus"	"Hermotimus"	"Dialogue"	"Attic/Koine"	"Perseus"	"CC BY-SA 4.0"	"XML"	16366	"5672"
1608	"0062-064"	101	200	"Lucianus"	"Prometheus es in verbis"	"Oratory"	"Attic/Koine"	"Perseus"	"CC BY-SA 4.0"	"XML"	1159	"238"
1609	"0062-065"	101	200	"Lucianus"	"Navigium"	"Dialogue"	"Attic/Koine"	"Perseus"	"CC BY-SA 4.0"	"XML"	6148	"6401"
1610	"0062-066"	101	200	"Lucianus"	"Dialogi mortuorum"	"Dialogue"	"Attic/Koine"	"Perseus"	"CC BY-SA 4.0"	"XML"	13221	"5670"
1611	"0062-067"	101	200	"Lucianus"	"Dialogi marini"	"Dialogue"	"Attic/Koine"	"Perseus"	"CC BY-SA 4.0"	"XML"	4703	"6404"
1612	"0062-068"	101	200	"Lucianus"	"Dialogi deorum"	"Dialogue"	"Attic/Koine"	"Perseus"	"CC BY-SA 4.0"	"XML"	8956	"1342"
1613	"0062-069"	101	200	"Lucianus"	"Dialogi meretricii"	"Dialogue"	"Attic/Koine"	"Perseus"	"CC BY-SA 4.0"	"XML"	9581	"5669"
1614	"0062-070"	101	200	"Lucianus"	"Soloecista"	"Dialogue"	"Attic/Koine"	"Perseus"	"CC BY-SA 4.0"	"XML"	2337	"6366"
1615	"0062-071"	101	200	"Lucianus"	"Podagra"	"Lyric poetry"	NA	"Perseus"	"CC BY-SA 4.0"	"XML"	2155	"5685"
1618	"0562-001"	101	200	"Marcus Aurelius Antoninus Imperator"	"Τὰ εἰς ἑαυτόν"	"Philosophy"	"Koine"	"Perseus"	"CC BY-SA 4.0"	"XML"	34226	"5874"
1621	"0563-001"	101	200	"Maximus"	"Dialexeis"	"Rhetoric"	"Attic/Koine"	"http://remacle.org"	NA	"TXT"	79803	"11867"
1622	"1487-001"	101	200	"Maximus Astrologus"	"Περὶ καταρχῶν"	"Scientific Poetry"	"Ionic/Epic"	"First1K"	"CC BY-SA 4.0"	"XML"	4592	"8272"
1623	"1487-002"	101	200	"Maximus Astrologus"	"Περὶ καταρχῶν"	"Astronomy/Astrology"	NA	"First1K"	"CC BY-SA 4.0"	"XML"	2445	"8272"
1626	"0268-002"	101	200	"Mesomedes"	"Epigrammata"	"Lyric poetry"	NA	"Perseus"	"CC BY-SA 4.0"	"XML"	129	"8335"
1628	"0358-001"	101	200	"Nicomachus"	"Introductio arithmetica"	"Mathematics"	NA	"First1K"	"CC BY-SA 4.0"	"XML"	27463	"8496"
1629	"0358-002"	101	200	"Nicomachus"	"Harmonicum enchiridion"	"Music"	NA	"First1K"	"CC BY-SA 4.0"	"XML"	5512	"5876"
1631	"0358-004"	101	200	"Nicomachus"	"Excerpta"	"Music"	NA	"First1K"	"CC BY-SA 4.0"	"XML"	2660	"12735"
1632	"0358-005"	101	200	"Nicomachus"	"Problemata arithmetica"	"Mathematics"	NA	"First1K"	"CC BY-SA 4.0"	"XML"	1368	"19578"
1633	"0023-001"	101	200	"Oppianus"	"Halieutica"	"Scientific Poetry"	"Ionic/Epic"	"Perseus"	"CC BY-SA 4.0"	"XML"	26437	"889"
1634	"1550-001"	101	200	"Oracula Chaldaica"	"Oracula"	"Oracle"	NA	"http://ldysinger.stjohnsem.edu"	NA	"TXT"	3013	"12080"
1637	"1772-001"	101	200	"Paraleipomena Jeremiou"	"Paraleipomena Jeremiou"	"Religious Narrative"	"Koine"	"https://ccat.sas.upenn.edu/rak//publics/pseudepig/ParJer-Greek.html"	NA	"TXT"	4937	NA
1638	"0525-001"	101	200	"Pausanias"	"Graeciae descriptio"	"Geography"	"Koine"	"Perseus"	"CC BY-SA 4.0"	"XML"	242433	"271"
1640	"0671-001"	101	200	"Philumenus"	"De venenatis animalibus eorumque remediis"	"Medicine"	NA	"First1K"	"CC BY-SA 4.0"	"XML"	10406	"8701"
1643	"1608-001"	101	200	"Phrynichus"	"Praeparatio sophistica"	"Language"	"Attic/Koine"	"https://github.com/s8stchro"	NA	"TXT"	17197	"15889"
1644	"1608-002"	101	200	"Phrynichus"	"Eclogae"	"Language"	"Attic/Koine"	"https://github.com/s8stchro"	NA	"TXT"	10322	"15890"
1645	"0542-001"	101	200	"Julius Pollux"	"Onomasticon"	"Language"	"Attic/Koine"	"https://github.com/s8stchro"	NA	"TXT"	144900	"5790"
1646	"0616-001"	101	200	"Polyaenus"	"Strategemata"	"Military"	NA	"http://attalus.org"	NA	"TXT"	68134	"306"
1650	"1637-001"	101	200	"Protevangelium Jacobi"	"Protevangelium Jacobi"	"Religious History"	"Koine"	"http://jewishchristianlit.com"	NA	"TXT"	4762	"834"
1651	"1271-002"	101	200	"Pseudo-Clemens"	"Epistula ii ad Corinthios"	"Epistolography"	NA	"First1K"	"CC BY-SA 4.0"	"XML"	3525	"3378"
1653	"0613-001"	101	200	"Pseudo-Demetrius"	"De elocutione"	"Rhetoric"	NA	"Perseus"	"CC BY-SA 4.0"	"XML"	18683	"5867"
1654	"0061-001"	101	200	"Pseudo-Lucianus"	"Asinus"	"Narrative"	"Attic/Koine"	"https://www.hs-augsburg.de/~harsch/augustana.html"	NA	"TXT"	11014	"837 / 15894"
1656	"0061-009"	101	200	"Pseudo-Lucianus"	"Epigramma"	"Lyric poetry"	NA	"https://www.dbbe.ugent.be"	NA	"TXT"	33	"6408"
1657	"0061-010"	101	200	"Pseudo-Lucianus"	"Epigrammata"	"Lyric poetry"	NA	"Perseus"	"CC BY-SA 4.0"	"XML"	1267	"6408"
1659	"0606-001"	101	200	"Rufus"	"Ars rhetorica"	"Rhetoric"	NA	"First1K"	"CC BY-SA 4.0"	"XML"	1665	"12738"
1660	"0527-018"	101	200	"Septuaginta"	"Esdras ii"	"Religious History"	"Koine"	"https://el.wikisource.org"	"CC-BY-SA 3.0"	"TXT"	15171	"2869 / 2870"
1661	"1766-001"	101	200	"Tatianus"	"Oratio ad Graecos"	"Oratory"	NA	"Perseus"	"CC BY-SA 4.0"	"XML"	11829	"5384"
1664	"1724-001"	101	200	"Theon"	"De utilitate mathematicae"	"Mathematics"	NA	"https://iris.unito.it/handle/2318/1685018"	NA	"TXT"	42052	"12960"
1665	"1725-001"	101	200	"Theophilus"	"Ad Autolycum"	"Oratory"	"Koine"	"https://el.wikisource.org"	"CC-BY-SA 3.0"	"TXT"	24920	"27"
1670	"0098-001"	101	200	"Zenobius Sophista"	"Epitome collectionum Lucilli Tarrhaei et Didymi"	"Language"	NA	"https://el.wikisource.org"	"CC-BY-SA 3.0"	"TXT"	24313	"1381"
2071	"1443-001"	1	200	"Ignatius"	"Epistulae vii genuinae"	"Epistolography"	NA	"First1K"	"CC BY-SA 4.0"	"XML"	9127	"816"
2072	"1484-001"	101	200	"Vitae Sancti Polycarpi"	"Epistula ecclesiae Smyrnensis de martyrio sancti Polycarpi"	"Epistolography"	NA	"First1K"	"CC BY-SA 4.0"	"XML"	3061	"15189"
